INSERT INTO roles (name) VALUES ('ROLE_ADMIN');
INSERT INTO roles (name) VALUES ('ROLE_USER');

INSERT INTO users
(id, email, name, password, reset_hash)
VALUES(1, 'ricaprado@yahoo.com', 'ricaprado@yahoo.com', '$2a$10$R/EsB.mGAs41o5Gdv2hjUuKfPnDc7xf6/bLnCwGrSrFwsojc5tr96', 'd423394d-38ca-4cc1-acc3-a6aba9d49408');
INSERT INTO users
(id, email, name, password, reset_hash)
VALUES(2, 'rodrigo.rossato@gmail.com', 'rodrigo.rossato@gmail.com', '$2a$10$II5x/1uN7hXJqg9RTASpSuf4UKl0W1pMesSJz.FXt5aeYy39kesGy', '807886d9-930e-4ddb-bf06-5980170bf1fe');

INSERT INTO users_roles (user_id, role_id) VALUES (1, 1);
INSERT INTO users_roles (user_id, role_id) VALUES (2, 1);

INSERT INTO companies (id, name, user_id) VALUES
	('1', 'ADMINISTRADORA DE CARTÃO DE TODOS CAMPINAS', '2'),
	('2', 'ADMINISTRADORA DE CARTÃO DE TODOS VALINHOS', '1'),
	('3', 'AMOR SAUDE CAMPINAS SUDOESTE (CMOC)', '2'),
	('4', 'AMOR SAUDE IBIUNA (CRUZ CORDEIRO IBIUNA SERVICOS EM SAUDE)', '2'),
	('5', 'AMOR SAUDE PIRACICABA', '2'),
	('6', 'AMOR SAUDE PIRACICABA (CLINICA SAGRADO)', '2'),
	('7', 'AMOR SAUDE SUMARE LTDA', '2'),
	('8', 'AMOR SAUDE SÃO ROQUE (CRUZ CORDEIRO SERVICOS EM SAUDE)', '2'),
	('9', 'AMOR SAÚDE SÃO ROQUE', '2'),
	('10', 'AQUARELA ENCANTADA BERCARIO E ESCOLA DE EDUCACAO INFANTIL LTDA', '2'),
	('11', 'ARION SOLUCOES EM TECNOLOGIA DA INFORMACAO LTDA', '2'),
	('12', 'ARION SOLUÇÕES EM TECNOLOGIA DA INFORMAÇÃO LTDA', '2'),
	('13', 'Arion - Escritório', '2'),
	('14', 'Arion - Estoque', '2'),
	('15', 'BAIXA PATRIMONIAL', '2'),
	('16', 'BAIXA PATRIMONIO - DESCARTE', '2'),
	('17', 'BAIXA PATRIMONIO - DOAÇÃO CLINICA HAMONIR', '2'),
	('18', 'BAIXA PATRIMONIO - MÁQUINA DOADA PARA O RODRIGO BENTO MRK', '2'),
	('19', 'BAIXA PATRIMONIO - NOTEBOOK ACORDO RODRIGO R. COIFA', '2'),
	('20', 'BAIXA PATRIMONIO - NOTEBOOK COM PROBLEMA NO TECLADO', '2'),
	('21', 'BAIXA PATRIMONIO - TROCA FERNANDA ANTUNES', '2'),
	('22', 'BAIXA PATRIMONIO - VENDA ACM VISUAL - 19/03/2024', '2'),
	('23', 'BAIXA PATRIMONIO - VENDA AMOR SAUDE PIRACICABA (CLINICA SAGRADO)', '2'),
	('24', 'BAIXA PATRIMONIO - VENDA BETA COMPUTADORES (VAGNER)', '2'),
	('25', 'BAIXA PATRIMONIO - VENDA CDT JUNDIAÍ', '2'),
	('26', 'BAIXA PATRIMONIO - VENDA CDT VALINHOS', '2'),
	('27', 'BAIXA PATRIMONIO - VENDA CDT VÁRZEA PAULISTA', '2'),
	('28', 'BAIXA PATRIMONIO - VENDA CLÍNICA MORETTI', '2'),
	('29', 'BAIXA PATRIMONIO - VENDA COMPUTADOR', '2'),
	('30', 'BAIXA PATRIMONIO - VENDA GABINETE', '2'),
	('31', 'BAIXA PATRIMONIO - VENDA LUIZA (JANNINI E SAGARRA)', '2'),
	('32', 'BAIXA PATRIMONIO - VENDA MECANICA ATTUALI (KLALTER OLIVEIRA)', '2'),
	('33', 'BAIXA PATRIMONIO - VENDA MRK MARCENARIA', '2'),
	('34', 'BAIXA PATRIMONIO - VENDA PAULO MORETZSOHN', '2'),
	('35', 'BAIXA PATRIMONIO 551 - VENDIDO AO JOAO VITOR DA SILVA EM 07/10/2024', '2'),
	('36', 'BAIXA PATRIMÔNIO - VENDIDO EM 30/08/2024 PARA JEAN EMPICAMP', '2'),
	('37', 'BETA COMPUTADORES (TECNICO NA NUVEM)', '2'),
	('38', 'BM CONTABIL LTDA', '2'),
	('39', 'CANAL SOLAR', '2'),
	('40', 'CARTÃO DE TODOS - VARZEA PAULISTA E JACAREI', '2'),
	('41', 'CDT CAMPINAS SUL', '2'),
	('42', 'CDT IBIUNA', '2'),
	('43', 'CDT SÃO ROQUE', '2'),
	('44', 'CELSO OTRANTO FERNANDES (ODONTO CARE)', '2'),
	('45', 'CLINICA JULIANA ESPOSA DO RODRIGO', '2'),
	('46', 'CLINICA MORETTI', '2'),
	('47', 'ECOATINGX COMERCIO DE TINTAS LTDA', '2'),
	('48', 'ESTOQUE', '2'),
	('49', 'GRI BRAZIL EVENTOS LTDA', '2'),
	('50', 'HENRIQUE ERNESTO DE OLIVEIRA BIANCO', '2'),
	('51', 'HM', '2'),
	('52', 'HM - Barão de Itapura', '2'),
	('53', 'HM - Campos Elíseos', '2'),
	('54', 'HM - Limeira', '2'),
	('55', 'HM - Paulínia', '2'),
	('56', 'HM - Praia Grande', '2'),
	('57', 'HM - SP Freguesia do Ó', '2'),
	('58', 'HM - SP Guaianazes', '2'),
	('59', 'HM - SP Zike Tuma', '2'),
	('60', 'HM - Salto', '2'),
	('61', 'HM - Santa Barbara', '2'),
	('62', 'HM - São Carlos', '2'),
	('63', 'HM - Valinhos', '2'),
	('64', 'HM CAMPOS ELÍSEOS', '2'),
	('65', 'HM GUAIANASES', '2'),
	('66', 'HM PAULINIA (NOVO PONTO)', '2'),
	('67', 'HM VALINHOS', '2'),
	('68', 'IDISA', '2'),
	('69', 'IGREJA BATISTA CENTRAL DE CAMPINAS', '2'),
	('70', 'IMOCAMP - INSTITUTO MÉDICO E ODONTOLÓGICO DE CAMPINAS', '2'),
	('71', 'JANNINI & SAGARRA ARQUITETURA SS LTDA', '2'),
	('72', 'JMA TRANSPORTES', '2'),
	('73', 'JMA TRANSPORTES LTDA', '2'),
	('74', 'LD ASSESSORIA IMOBILIARIA E INTERMEDIACOES LTDA', '2'),
	('75', 'LUCAS LOMBARDI DA SILVA PINTO', '2'),
	('76', 'M1 CONSULTORIA LTDA', '2'),
	('77', 'MRK MARCENARIA', '2'),
	('78', 'MRK MARCENARIA E MOVEIS PLANEJADOS LTDA', '2'),
	('79', 'NEOFARMA CAMPINAS MANIPULAÇÃO LTDA', '2'),
	('80', 'PAULISTA ENGENHARIA', '2'),
	('81', 'R. J. COMUNICACAO E PUBLICIDADE LTDA (AGENCIA MIXA)', '2'),
	('82', 'SARTORI E SARTORI SOCIEDADE DE ADVOGADOS', '2'),
	('83', 'SYHUS CONTABILIDADE', '2'),
	('84', 'VNS TRANSPORTES EIRELI', '2'),
	('85', 'WEST 1 FRANCHISING E PARTICIPAÇÕES LTDA', '2'),
	('86', 'YES SAVE CREDITO LTDA (DR. CPF)', '2');

	INSERT INTO devices (channels, cpu_generation, cpu_quantity, memory_slots, purchase_date, purchase_value, company_id, created_at, id,  brand, cpu_model, description, device_group, function, memory_size, memory_type, model, patrim, screen_size, serial, status, storage, technology, type) VALUES
    	('0', '0', '0', '0', NULL, 0, '2', '2023-12-26 17:29:40', '-1', 'BRAND1', '', '', 'Rede', '', '', '', 'model1', 'SEM', '', '1', '', '', '', 'SWITCH'),
    	('0', '0', '0', '0', NULL, 0, '14', '2023-12-26 17:29:40', '-2', 'DLINK', '', '', 'Rede', '', '', '', 'DES-1024D', 'SEM', '', 'S0121F1001411', '', '', '', 'SWITCH'),
    	('0', '0', '0', '0', NULL, 0, '14', '2023-12-26 17:29:40', '-3', 'DLINK', '', '', 'Rede', '', '', '', 'DES-1024D', 'SEM', '', 'F30F399000392', '', '', '', 'SWITCH'),
    	('0', '0', '0', '0', NULL, 0, '14', '2023-12-26 17:29:40', '-4', 'INTELBRAS', '', '', 'Rede', '', '', '', 'SG 2400 QR+', 'SEM', '', 'CGQK3800757H8', '', '', '', 'SWITCH'),
    	('0', '0', '0', '0', NULL, 0, '14', '2023-12-26 17:29:40', '-5', 'TP LINK', '', '', 'Rede', '', '', '', 'T1600G-52TS', 'SEM', '', '2189370000281', '', '', '', 'SWITCH'),
    	('0', '0', '0', '0', NULL, 0, '14', '2023-12-26 17:29:40', '-6', 'TP LINK', '', '', 'Rede', '', '', '', 'TL-SG1024D', 'SEM', '', '2187383001263', '', '', '', 'SWITCH'),
    	('0', '0', '0', '0', NULL, 0, '14', '2023-12-26 17:29:40', '-7', 'TP LINK', '', '', 'Rede', '', '', '', 'LS100SG', 'SEM', '', '2226OK8001426', '', '', '', 'SWITCH'),
    	('0', '0', '0', '0', NULL, 0, '14', '2023-12-26 17:29:40', '-8', 'INTELBRAS', '', '', 'Rede', '', '', '', 'SF800Q+ ULTRA', 'SEM', '', 'XTGH4105095A4', '', '', '', 'SWITCH'),
    	('0', '0', '0', '0', NULL, 0, '14', '2023-12-26 17:29:40', '-9', 'INTELBRAS', '', '', 'Rede', '', '', '', 'SG800Q+', 'SEM', '', 'HCDJ49065650D', '', '', '', 'SWITCH'),
    	('0', '0', '0', '0', '2023-12-26 18:29:40', '1837', '27', '2023-12-26 17:29:40', '-10', 'TP LINK', '', '', 'Rede', '', '', '', 'TL-SG1048', 'SEM', '', '22322T5000232', '', '', '', 'SWITCH'),
    	('0', '0', '0', '0', NULL, 0, '28', '2023-12-26 17:29:40', '-11', 'TP LINK', '', '', 'Rede', '', '', '', 'LS1008', 'SEM', '', '2213395014616', '', '', '', 'SWITCH'),
    	('0', '0', '0', '0', NULL, 0, '63', '2023-12-26 17:29:40', '-12', 'TP LINK', '', '', 'Rede', '', '', '', 'LS1008G', 'SEM', '', '223B4T5016188', '', '', '', 'SWITCH'),
    	('0', '0', '0', '0', NULL, 0, '13', '2023-12-26 17:29:40', '-13', 'TP LINK', '', '', 'Rede', '', '', '', 'TL-WR740N', 'SEM', '', '2155095016107', '', '', '', 'ROTEADOR SEM FIO'),
    	('0', '0', '0', '0', NULL, 0, '14', '2023-12-26 17:29:40', '-14', 'INTELBRAS', '', '', 'Rede', '', '', '', 'model2', 'SEM', '', '2', '', '', '', 'ROTEADOR SEM FIO'),
    	('0', '0', '0', '0', NULL, 0, '28', '2023-12-26 17:29:40', '-15', 'DLINK', '', '', 'Rede', '', '', '', 'DIR-878', 'SEM', '', 'QXEU1HB000968', '', '', '', 'ROTEADOR SEM FIO'),
    	('0', '0', '0', '0', NULL, 0, '14', '2023-12-26 17:29:40', '-16', 'TP LINK', '', '', 'Rede', '', '', '', 'TL-R470T+', 'SEM', '', '215A176000385', '', '', '', 'ROTEADOR LOAD BALANCE'),
    	('0', '0', '0', '0', NULL, 0, '14', '2023-12-26 17:29:40', '-17', 'TP LINK', '', '', 'Rede', '', '', '', 'TL-R470T+', 'SEM', '', '2148844000230', '', '', '', 'ROTEADOR LOAD BALANCE'),
    	('0', '0', '0', '0', NULL, 0, '14', '2023-12-26 17:29:40', '-18', 'TP LINK', '', '', 'Rede', '', '', '', 'TL-R480T+', 'SEM', '', '217B134000512', '', '', '', 'ROTEADOR LOAD BALANCE'),
    	('0', '0', '0', '0', NULL, 0, '14', '2023-12-26 17:29:40', '-19', 'UBIQUIT', '', '', 'Rede', '', '', '', 'EDGE ROUTER X', 'SEM', '', 'AC8BA9A4AFE6', '', '', '', 'ROTEADOR'),
    	('0', '0', '0', '0', NULL, 0, '54', '2023-12-26 17:29:40', '-20', 'UBIQUIT', '', '', 'Rede', '', '', '', 'EDGE ROUTER X', 'SEM', '', '1937G7483C24BDE0', '', '', '', 'ROTEADOR'),
    	('4', '0', '0', '0', NULL, 0, '14', '2023-12-26 17:29:40', '-21', 'LE SON', '', '', 'Rede', '', '', '', 'LS600W-PRO', 'SEM', '', '3', '', '', '', 'RECEIVER'),
    	('4', '0', '0', '0', NULL, 0, '52', '2023-12-26 17:29:40', '-22', 'ORION', '', '', 'Rede', '', '', '', 'RC7000BT', 'SEM', '', '4', '', '', '', 'RECEIVER'),
    	('1', '0', '0', '0', NULL, 0, '53', '2023-12-26 17:29:40', '-23', 'NCA', '', '', 'Rede', '', '', '', 'SA 100', 'SEM', '', 'B256.390', '', '', '', 'RECEIVER'),
    	('4', '0', '0', '0', NULL, 0, '60', '2023-12-26 17:29:40', '-24', 'ORION', '', '', 'Rede', '', '', '', 'RC7000BT', 'SEM', '', '5', '', '', '', 'RECEIVER'),
    	('4', '0', '0', '0', NULL, 0, '57', '2023-12-26 17:29:40', '-25', 'ORION', '', '', 'Rede', '', '', '', 'RC7000BT', 'SEM', '', '6', '', '', '', 'RECEIVER'),
    	('4', '0', '0', '0', NULL, 0, '59', '2023-12-26 17:29:40', '-26', 'LE SON', '', '', 'Som', '', '', '', 'LS600W-PRO', 'SEM', '', '7', '', '', '', 'RECEIVER'),
    	('4', '0', '0', '0', NULL, 0, '59', '2023-12-26 17:29:40', '-27', 'ORION', '', '', 'Rede', '', '', '', 'RC7000BT', 'SEM', '', '8', '', '', '', 'RECEIVER'),
    	('4', '0', '0', '0', NULL, 0, '59', '2023-12-26 17:29:40', '-28', 'LE SON', '', '', 'Som', '', '', '', 'LS600W-PRO', 'SEM', '', '9', '', '', '', 'RECEIVER'),
    	('4', '0', '0', '0', NULL, 0, '59', '2023-12-26 17:29:40', '-29', 'LE SON', '', '', 'Som', '', '', '', 'LS600W-PRO', 'SEM', '', '10', '', '', '', 'RECEIVER'),
    	('0', '0', '0', '0', NULL, 0, '14', '2023-12-26 17:29:40', '-30', 'INTELBRAS', '', '', 'Rede', '', '', '', 'XNB720', 'SEM', '', 'DKDH1506546KU', '', '', '', 'NOBREAK'),
    	('0', '0', '0', '0', NULL, 0, '14', '2023-12-26 17:29:40', '-31', 'TP LINK', '', '', 'Midia', '', '', '', 'MC220L', 'SEM', '', '2197504009934', '', '', '', 'MEDIA CONVERTER'),
    	('16', '0', '0', '0', NULL, 0, '14', '2023-12-26 17:29:40', '-32', 'INTELBRAS', '', '', 'Midia', '', '', '', 'MHDX 1216', 'SEM', '', 'FJPK1600099KN', '', '3TB', '', 'DVR'),
    	('16', '0', '0', '0', NULL, 0, '14', '2023-12-26 17:29:40', '-33', 'INTELBRAS', '', '', 'Midia', '', '', '', 'MHDX 1116', 'SEM', '', 'N8BH5001315D9', '', '3TB', '', 'DVR'),
    	('16', '0', '0', '0', NULL, 0, '14', '2023-12-26 17:29:40', '-34', 'INTELBRAS', '', '', 'Midia', '', '', '', 'MHDX 1116', 'SEM', '', 'N8BH2900448R1', '', '3TB', '', 'DVR'),
    	('16', '0', '0', '0', NULL, 0, '14', '2023-12-26 17:29:40', '-35', 'INTELBRAS', '', '', 'Midia', '', '', '', 'MHDX 1116', 'SEM', '', 'N8BH29004425B', '', '3TB', '', 'DVR'),
    	('8', '0', '0', '0', NULL, 0, '14', '2023-12-26 17:29:40', '-36', 'INTELBRAS', '', '', 'Midia', '', '', '', 'MHDX 1008', 'SEM', '', 'NM3F0504271PH', '', '1TB', '', 'DVR'),
    	('16', '0', '0', '0', NULL, 0, '52', '2023-12-26 17:29:40', '-37', 'INTELBRAS', '', '', 'Midia', '', '', '', 'MHDX 1216', 'SEM', '', 'FJPK16003149B', '', '3TB', '', 'DVR'),
    	('16', '0', '0', '0', NULL, 0, '53', '2023-12-26 17:29:40', '-38', 'INTELBRAS', '', '', 'Midia', '', '', '', 'MHDX 1116', 'SEM', '', 'N8BH2900440PF', '', '3TB', '', 'DVR'),
    	('16', '0', '0', '0', NULL, 0, '54', '2023-12-26 17:29:40', '-39', 'INTELBRAS', '', '', 'Midia', '', '', '', 'MHDX 1216', 'SEM', '', 'N8BH2900443NN', '', '3TB', '', 'DVR'),
    	('16', '0', '0', '0', NULL, 0, '56', '2023-12-26 17:29:40', '-40', 'INTELBRAS', '', '', 'Midia', '', '', '', 'MHDX 1116', 'SEM', '', 'N8B14300088T7', '', '3TB', '', 'DVR'),
    	('16', '0', '0', '0', NULL, 0, '61', '2023-12-26 17:29:40', '-41', 'INTELBRAS', '', '', 'Midia', '', '', '', 'MHDX 1216', 'SEM', '', 'FJPK1600813BP', '', '3TB', '', 'DVR'),
    	('16', '0', '0', '0', NULL, 0, '62', '2023-12-26 17:29:40', '-42', 'INTELBRAS', '', '', 'Midia', '', '', '', 'MHDX 1116', 'SEM', '', 'N8BH500171D0', '', '3TB', '', 'DVR'),
    	('16', '0', '0', '0', NULL, 0, '58', '2023-12-26 17:29:40', '-43', 'INTELBRAS', '', '', 'Midia', '', '', '', 'MHDX 1216', 'SEM', '', 'FJPK1600098QC', '', '3TB', '', 'DVR'),
    	('16', '0', '0', '0', NULL, 0, '63', '2023-12-26 17:29:40', '-44', 'INTELBRAS', '', '', 'Midia', '', '', '', 'MHDX 1116', 'SEM', '', 'N8BH38000519B', '', '3TB', '', 'DVR'),
    	('0', '0', '0', '0', NULL, 0, '14', '2023-12-26 17:29:40', '-45', 'INTELBRAS', '', '', 'Rede', '', '', '', 'MICRO PABX MODULARE', 'SEM', '', '11', '', '', '', 'CENTRAL TELEFONICA'),
    	('1', '0', '0', '0', NULL, 0, '53', '2023-12-26 17:29:40', '-46', 'TOMATE', '', '', 'Som', '', '', '', 'MT-2210', 'SEM', '', 'MT2210 0004 02 1299', '', '', '', 'CENTRAL MICROFONE'),
    	('0', '0', '0', '0', NULL, 0, '14', '2023-12-26 17:29:40', '-47', 'GRANDSTREAM', '', '', 'Rede', '', '', '', 'HT812', 'SEM', '', '20AGB29K41FC9E5A', '', '', '', 'ATA'),
    	('0', '0', '0', '0', '2023-12-12 17:29:40', '594.92', '26', '2023-12-26 17:29:40', '-48', 'INTELBRAS', '', '', 'Rede', '', '', '', 'AP 1350 AC-S', 'SEM', '', 'Q1LL4500378NU', '', '', '', 'ACCESS POINT'),
    	('0', '0', '0', '0', '2023-12-12 17:29:40', '594.92', '27', '2023-12-26 17:29:40', '-49', 'INTELBRAS', '', '', 'Rede', '', '', '', 'AP 1350 AC-S', 'SEM', '', 'Q1LL4500379JS', '', '', '', 'ACCESS POINT'),
    	('0', '0', '0', '0', '2023-12-12 17:29:40', '594.92', '27', '2023-12-26 17:29:40', '-50', 'INTELBRAS', '', '', 'Rede', '', '', '', 'AP 1350 AC-S', 'SEM', '', 'Q1LL4500380B4', '', '', '', 'ACCESS POINT'),
    	('0', '0', '0', '0', NULL, 0, '53', '2023-12-26 17:29:40', '-51', 'UBIQUIT', '', '', 'Rede', '', '', '', 'UNIFI U6+', 'SEM', '', 'F4E2C66A9DE4', '', '', '', 'ACCESS POINT'),
    	('0', '0', '0', '0', NULL, 0, '53', '2023-12-26 17:29:40', '-52', 'UBIQUIT', '', '', 'Rede', '', '', '', 'UNIFI U6+', 'SEM', '', 'F4E2C66C7D00', '', '', '', 'ACCESS POINT'),
    	('0', '0', '0', '0', NULL, 0, '55', '2023-12-26 17:29:40', '-53', 'UBIQUIT', '', '', 'Rede', '', '', '', 'UNIFI AC PRO', 'SEM', '', '1825KFCECDAF09932', '', '', '', 'ACCESS POINT'),
    	('0', '0', '0', '0', NULL, 0, '55', '2023-12-26 17:29:40', '-54', 'UBIQUIT', '', '', 'Rede', '', '', '', 'UNIFI AC PRO', 'SEM', '', '1850K18E829667DAF', '', '', '', 'ACCESS POINT'),
    	('0', '0', '0', '0', '2024-03-27 17:29:40', '742.96', '57', '2023-12-26 17:29:40', '-55', 'UBIQUIT', '', '', 'Rede', '', '', '', 'UNIFI U6+', 'SEM', '', 'F4E2C66492F8', '', '', '', 'ACCESS POINT'),
    	('0', '0', '0', '0', '2024-03-27 17:29:40', '742.96', '63', '2023-12-26 17:29:40', '-56', 'UBIQUIT', '', '', 'Rede', '', '', '', 'UNIFI U6+', 'SEM', '', 'F4E2C6644108', '', '', '', 'ACCESS POINT'),
    	('0', '0', '0', '0', NULL, 0, '63', '2023-12-26 17:29:40', '-57', 'UBIQUIT', '', '', 'Rede', '', '', '', 'UNIFI U6+', 'SEM', '', 'F4E2C66AA664', '', '', '', 'ACCESS POINT'),
    	('0', '0', '0', '0', NULL, 0, '63', '2023-12-26 17:29:40', '-58', 'UBIQUIT', '', '', 'Rede', '', '', '', 'UNIFI U6+', 'SEM', '', 'F4E2C66A9E34', '', '', '', 'ACCESS POINT'),
    	('0', '0', '2', '12', NULL, 0, '3', '2023-12-26 17:29:40', '-59', 'HP', 'XEON', '', 'Computador', '', '16GB', 'DDR3', 'WORKSTATION Z800', 'SEM', '', 'BRG045FWQ0', '', '1 SSD 240GB + 1 HD 1TB', '', 'DESKTOP'),
    	('0', '0', '2', '12', NULL, 0, '7', '2023-12-26 17:29:40', '-60', 'HP', 'XEON', 'W10 PRO: 6FY4T-6H8TX-TXXG3-XYPXP-XK2GH', 'Computador', '', '32GB', 'DDR3', 'WORKSTATION Z800', '302', '', 'BRG045FWPX', '', 'SSD 1TB', '', 'DESKTOP'),
    	('0', '4', '1', '0', NULL, 0, '12', '2023-12-26 17:29:40', '-61', 'APPLE', 'I5', 'ESTOQUE - SENHA 1234', 'Computador', '', '8GB', 'DDR3', 'MAC MINI A1347', 'SEM', '', 'C07PW59NG1HW', '', 'SSD 120GB', '', 'MINI DESKTOP'),
    	('0', '3', '1', '4', NULL, 0, '12', '2023-12-26 17:29:40', '-62', 'DELL', 'I7', 'ESTOQUE', 'Computador', '', '2X4GB', 'DDR3', 'OPTIPLEX 7010', '347', '', 'DZF16W1', '', '0', '', 'DESKTOP'),
    	('0', '3', '1', '4', NULL, 0, '12', '2023-12-26 17:29:40', '-63', 'DELL', 'I7', 'USO - RENATO', 'Computador', '', '16GB', '', 'OPTIPLEX 7010', 'SEM', '', 'BB0CG22', '', 'SSD 1TB', '', 'DESKTOP'),
    	('0', '2', '1', '4', NULL, 0, '34', '2023-12-26 17:29:40', '-64', 'DELL', 'I5', '-', 'Computador', '', '2X4GB', 'DDR3', 'OPTIPLEX 990', '', '', '2PLM8R1', '', 'SSD 240GB', '', 'SLIM DESKTOP'),
    	('0', '0', '1', '6', NULL, 0, '27', '2023-12-26 17:29:40', '-65', 'DELL', 'XEON', '-', 'Computador', '', '2X2GB', 'DDR3', 'POWER EDGE T310', '', '', '4RMS2V1', '', '2 HD 1TB', '', 'SERVIDOR'),
    	('0', '0', '1', '4', NULL, 0, '21', '2023-12-26 17:29:40', '-66', 'DELL', 'CORE 2 DUO', '-', 'Computador', '', '4X2GB', 'DDR2', 'VOSTRO 200', '', '', 'HSH1NH1', '', '0', '', 'SLIM DESKTOP'),
    	('0', '7', '1', '2', NULL, 0, '12', '2023-12-26 17:29:40', '-67', 'DELL', 'I5', 'ESTOQUE - SUBSTITUIDO POR PATRIM. 576 - AMANDA', 'Computador', '', '1X8GB', 'DDR4', 'VOSTRO 3268', '476', '', 'CC2JDQ2', '', 'SSD 120GB', '', 'MINI DESKTOP'),
    	('0', '0', '1', '4', NULL, 0, '73', '2023-12-26 17:29:40', '-68', 'HP', 'I5', 'ATIVADO COM LICENÇA DIGITAL', 'Computador', '', '0', 'DDR3', 'COMPAQ 6200 PRO', '471', '', 'BRG213F9HC', '', 'SSD 240GB', '', 'SLIM DESKTOP'),
    	('0', '0', '1', '4', NULL, 0, '79', '2023-12-26 17:29:40', '-69', 'HP', 'CORE 2 DUO', '', 'Computador', '', '1X4GB + 1X2GB + 2X1GB', 'DDR3', 'COMPAQ 8000 ELITE', '85', '', 'BRG123F41L', '', 'SSD 120GB', '', 'SLIM DESKTOP'),
    	('0', '0', '1', '4', NULL, 0, '79', '2023-12-26 17:29:40', '-70', 'HP', 'CORE 2 DUO', '', 'Computador', '', '2X2GB + 1X4GB', 'DDR3', 'COMPAQ 8000 ELITE', '308', '', 'BRG104F038', '', 'SSD 120GB', '', 'SLIM DESKTOP'),
    	('0', '2', '1', '4', NULL, 0, '12', '2023-12-26 17:29:40', '-71', 'HP', 'I5', 'ESTOQUE', 'Computador', '', '4X4GB', 'DDR3', 'ELITE 8200', '128', '', 'MXL2251LYW', '', '0', '', 'SLIM DESKTOP'),
    	('0', '0', '1', '4', NULL, 0, '43', '2023-12-26 17:29:40', '-72', 'HP', 'A8', '', 'Computador', '', '2X4GB', 'DDR3', 'ELITEDESK 705 G1', '491', '', 'BRJ6204Z40', '', 'SSD 240GB', '', 'SLIM DESKTOP'),
    	('0', '0', '1', '4', NULL, 0, '79', '2023-12-26 17:29:40', '-73', 'HP', 'A8', 'ESTOQUE', 'Computador', '', '2X4GB', 'DDR3', 'ELITEDESK 705 G1', '459', '', 'BRJ6204Z50', '', 'SSD 120GB', '', 'SLIM DESKTOP'),
    	('0', '0', '1', '4', NULL, 0, '43', '2023-12-26 17:29:40', '-74', 'HP', 'A12', '', 'Computador', '', '1X8GB', 'DDR4', 'ELITEDESK 705 G3', '494', '', 'BRJ802ML5W', '', 'SSD 240GB', '', 'SLIM DESKTOP'),
    	('0', '6', '1', '4', NULL, 0, '43', '2023-12-26 17:29:40', '-75', 'HP', 'I5', '', 'Computador', '', '2X4GB', 'DDR4', 'ELITEDESK 800 G2', '493', '', 'BRJ723G6TP', '', 'SSD 240GB', '', 'SLIM DESKTOP'),
    	('0', '6', '1', '4', NULL, 0, '43', '2023-12-26 17:29:40', '-76', 'HP', 'I5', '', 'Computador', '', '2X4GB', 'DDR3', 'PRODESK 600 G2', '492', '', 'BRJ728GXWY', '', 'SSD 240GB', '', 'SLIM DESKTOP'),
    	('0', '0', '1', '4', NULL, 0, '29', '2023-12-26 17:29:40', '-77', 'HP', 'CORE 2 DUO', '-', 'Computador', '', '3X1GB + 1X2GB', 'DDR2', 'WORKSTATION XW4400', '', '', '2UA7411K3V', '', '0', '', 'DESKTOP'),
    	('0', '0', '1', '8', NULL, 0, '69', '2023-12-26 17:29:40', '-78', 'HP', 'XEON E5-1650V4', 'SERVIDOR COM MOUSE E TECLADO + 02 PLACAS QUADRO K2000', 'Computador', '', '4X16GB', 'DDR4', 'WORKSTATION Z440', '461', '', 'BRJ710D7Z2', '', '1 SSD 240GB + 1 HD 320GB', '', 'DESKTOP'),
    	('0', '0', '2', '12', NULL, 0, '37', '2023-12-26 17:29:40', '-79', 'HP', 'XEON X5680', 'REPARO NO SISTEMA DE PROTEÇÃO DA FONTE COM RUBENS EM 09/04/2024 - 650,00', 'Computador', '', '6X16GB', 'DDR3', 'WORKSTATION Z800', '291', '', 'BRG047F3SG', '', '2 SSD 1TB', '', 'DESKTOP'),
    	('0', '0', '1', '2', NULL, 0, '12', '2023-12-26 17:29:40', '-80', 'LENOVO', 'I5', 'ESTOQUE', 'Computador', '', '0', 'DDR3', 'THINKCENTRE E73', 'SEM', '', 'PE02HVHM', '', '0', '', 'SLIM DESKTOP'),
    	('0', '4', '1', '2', NULL, 0, '79', '2023-12-26 17:29:40', '-81', 'LENOVO', 'I5', '', 'Computador', '', '2X4GB', 'DDR3', 'THINKCENTRE E73', '481', '', 'PE02HVHS', '', 'SSD 120GB', '', 'SLIM DESKTOP'),
    	('0', '0', '1', '4', NULL, 0, '12', '2023-12-26 17:29:40', '-82', 'LENOVO', 'I5', 'ESTOQUE - FONTE QUEIMADA / MÁQ. NÃO DÁ BOOT', 'Computador', '', '0', 'DDR3', 'THINKCENTRE M92', 'SEM', '', 'L1CAB54', '', '0', '', 'SLIM DESKTOP'),
    	('0', '8', '1', '2', NULL, 0, '12', '2023-12-26 17:29:40', '-83', 'LENOVO', 'I5', 'USO - CÂMERAS SALA DIRETORIA', 'Computador', '', '8GB', 'DDR4', 'THINKCENTRE M920Q', 'SEM', '', 'MJ09M4R1', '', 'SSD 120GB', '', 'MINI DESKTOP'),
    	('0', '7', '1', '2', NULL, 0, '79', '2023-12-26 17:29:40', '-84', 'LENOVO', 'I5', 'AMANDA - substituido pela patrim. 476', 'Computador', '', 'SSD 128', 'DDR4', 'V520S', '576', '', 'PE0312QF', '', '8GB', '', 'MINI DESKTOP'),
    	('0', '7', '1', '2', NULL, 0, '79', '2023-12-26 17:29:40', '-85', 'LENOVO', 'I5', '', 'Computador', '', '2X4GB', 'DDR4', 'V520S', '463', '', 'PE0312WC', '', 'SSD 120GB', '', 'MINI DESKTOP'),
    	('0', '10', '1', '4', NULL, 0, '78', '2023-12-26 17:29:40', '-86', 'NEOLOGIC', 'I5', 'SENHA 0810 / NVIDIA GEFORCE 1660 6GB', 'Computador', '', '1X32GB + 1X8GB + 1X4GB', 'DDR4', 'MONTADO', '423', '', 'c1', '', 'SSD 500GB', '', 'DESKTOP'),
    	('0', '3', '1', '0', NULL, 0, '44', '2023-12-26 17:29:40', '-87', 'MONTADO', 'I5', 'SERVIDOR CELSO', 'Computador', '', '8GB', 'DDR3', 'MONTADO', '343', '', 'c2', '', '1 SSD 120GB + 1 HD 1TB', '', 'DESKTOP'),
    	('0', '4', '1', '4', NULL, 0, '12', '2023-12-26 17:29:40', '-88', 'MONTADO', 'I5', 'ESTOQUE', 'Computador', '', '1X8GB', 'DDR3', 'MONTADO', 'SEM', '', 'c3', '', '0', '', 'DESKTOP'),
    	('0', '4', '1', '4', NULL, 0, '12', '2023-12-26 17:29:40', '-89', 'MONTADO', 'I5', 'ESTOQUE - PLACA DE VÍDEO GTX750 2 Gb', 'Computador', '', '1X8GB', 'DDR3', 'MONTADO', 'SEM', '', 'c4', '', '0', '', 'DESKTOP'),
    	('0', '3', '1', '4', NULL, 0, '12', '2023-12-26 17:29:40', '-90', 'MONTADO', 'I5', 'ESTOQUE - NÃO LIGA', 'Computador', '', '0', 'DDR3', 'MONTADO', 'SEM', '', 'c5', '', '0', '', 'DESKTOP'),
    	('0', '0', '1', '2', NULL, 0, '12', '2023-12-26 17:29:40', '-91', 'MONTADO', 'PENTIUM', 'ESTOQUE', 'Computador', '', '1X8GB', 'DDR3', 'MONTADO', '22', '', 'c6', '', '0', '', 'SLIM DESKTOP'),
    	('0', '0', '1', '2', NULL, 0, '12', '2023-12-26 17:29:40', '-92', 'MONTADO', 'PENTIUM', 'ESTOQUE', 'Computador', '', '1X8GB', 'DDR3', 'MONTADO', '23', '', 'c7', '', '0', '', 'SLIM DESKTOP'),
    	('0', '0', '1', '2', NULL, 0, '12', '2023-12-26 17:29:40', '-93', 'MONTADO', 'PENTIUM', 'ESTOQUE', 'Computador', '', '0', 'DDR4', 'MONTADO', '40', '', 'c8', '', '0', '', 'SLIM DESKTOP'),
    	('0', '0', '1', '2', NULL, 0, '18', '2023-12-26 17:29:40', '-94', 'MONTADO', 'PENTIUM', '-', 'Computador', '', '1X8GB', 'DDR3', 'MONTADO', '', '', 'c9', '', '0', '', 'SLIM DESKTOP'),
    	('0', '0', '1', '2', NULL, 0, '12', '2023-12-26 17:29:40', '-95', 'MONTADO', 'PENTIUM', 'ESTOQUE', 'Computador', '', '1X8GB', 'DDR4', 'MONTADO', '194', '', 'c10', '', '0', '', 'SLIM DESKTOP'),
    	('0', '0', '1', '2', NULL, 0, '12', '2023-12-26 17:29:40', '-96', 'MONTADO', 'PENTIUM', 'ESTOQUE', 'Computador', '', '1X8GB', 'DDR3', 'MONTADO', '195', '', 'c11', '', '0', '', 'SLIM DESKTOP'),
    	('0', '0', '1', '4', NULL, 0, '73', '2023-12-26 17:29:40', '-97', 'HP', 'A8', 'ATIVADO COM LICENÇA DIGITAL', 'Computador', '', '2X4GB', 'DDR3', 'COMPAQ PRO 6305', '473', '', 'BRJ4395YCC', '', 'SSD 240GB', '', 'SLIM DESKTOP'),
    	('0', '0', '1', '0', NULL, 0, '1', '2023-12-26 17:29:40', '-98', 'HP', 'CORE 2 DUO', 'DESKTOP REVISADO EM 01/2023', 'Computador', '', '8GB', '', 'COMPAQ DC 5800', '198', '', 'AJ410AV305', '', 'SSD 120GB', '', 'SLIM DESKTOP'),
    	('0', '0', '1', '0', NULL, 0, '1', '2023-12-26 17:29:40', '-99', 'HP', 'CORE 2 DUO', '', 'Computador', '', '6GB', '', 'COMPAQ DC 5800', '262', '', 'BRG917F1F5', '', 'SSD 120GB', '', 'SLIM DESKTOP'),
    	('0', '0', '1', '0', NULL, 0, '1', '2023-12-26 17:29:40', '-100', 'HP', 'CORE 2 DUO', 'DESKTOP REVISADO EM 01/2023', 'Computador', '', '8GB', '', 'COMPAQ DC 5800', '307', '', 'BRG842F9C3', '', '1 SSD 120GB + 1 HD 1TB + 1 HD 500GB', '', 'SLIM DESKTOP'),
    	('0', '0', '1', '0', NULL, 0, '1', '2023-12-26 17:29:40', '-101', 'HP', 'CORE 2 DUO', 'DESKTOP REVISADO EM 01/2023', 'Computador', '', '8GB', '', 'COMPAQ DC 5800', '309', '', 'BRG917F1KK', '', 'SSD 120GB', '', 'SLIM DESKTOP'),
    	('0', '0', '1', '0', NULL, 0, '1', '2023-12-26 17:29:40', '-102', 'HP', 'CORE 2 DUO', 'DESKTOP REVISADO EM 01/2023', 'Computador', '', '8GB', '', 'COMPAQ DC 7700', '196', '', 'RY825EPAC4', '', 'SSD 120GB', '', 'SLIM DESKTOP'),
    	('0', '0', '1', '0', NULL, 0, '1', '2023-12-26 17:29:40', '-103', 'HP', 'CORE 2 DUO', 'DESKTOP REVISADO EM 01/2023', 'Computador', '', '8GB', '', 'COMPAQ DC 7700', '310', '', 'BRG730F07Q', '', 'SSD 120GB', '', 'SLIM DESKTOP'),
    	('0', '0', '1', '0', NULL, 0, '1', '2023-12-26 17:29:40', '-104', 'HP', 'CORE 2 DUO', 'DESKTOP REVISADO EM 01/2023', 'Computador', '', '8GB', '', 'COMPAQ DC 7900', '324', '', 'BRG922F55Y', '', 'SSD 120GB', '', 'SLIM DESKTOP'),
    	('0', '4', '1', '4', NULL, 0, '1', '2023-12-26 17:29:40', '-105', 'HP', 'I5', '', 'Computador', '', '8GB', 'DDR3', 'PRODESK 600 G1', '107', '', 'BRJ529VKJM', '', 'SSD 120GB', '', 'MINI DESKTOP'),
    	('0', '4', '1', '4', NULL, 0, '1', '2023-12-26 17:29:40', '-106', 'HP', 'I5', 'ALTERAR P/ 8GB RAM - I3', 'Computador', '', '4GB', 'DDR3', 'PRODESK 600 G1', '87', '', 'BRJ650BBYF', '', 'HD 500GB', '', 'MINI DESKTOP'),
    	('0', '4', '1', '4', NULL, 0, '1', '2023-12-26 17:29:40', '-107', 'HP', 'I5', 'ALTERAR P/ 8GB RAM', 'Computador', '', '4GB', 'DDR3', 'PRODESK 600 G1', '103', '', 'BRJ449F9G4', '', 'SSD 120GB', '', 'MINI DESKTOP'),
    	('0', '4', '1', '4', NULL, 0, '1', '2023-12-26 17:29:40', '-108', 'HP', 'I5', '', 'Computador', '', '6GB', 'DDR3', 'PRODESK 600 G1', '104', '', 'BRJ449F9F8', '', 'SSD 120GB', '', 'MINI DESKTOP'),
    	('0', '4', '1', '4', NULL, 0, '1', '2023-12-26 17:29:40', '-109', 'HP', 'I5', '', 'Computador', '', '6GB', 'DDR3', 'PRODESK 600 G1', '109', '', 'BRJ529VKJD', '', 'SSD 120GB', '', 'MINI DESKTOP'),
    	('0', '4', '1', '4', NULL, 0, '1', '2023-12-26 17:29:40', '-110', 'HP', 'I5', 'ALTERAR P/ 8GB RAM', 'Computador', '', '4GB', 'DDR3', 'PRODESK 600 G1', '111', '', 'BRJ449F9D9', '', 'SSD 120GB', '', 'MINI DESKTOP'),
    	('0', '4', '1', '4', NULL, 0, '1', '2023-12-26 17:29:40', '-111', 'HP', 'I5', 'ALTERAR P/ 8GB RAM', 'Computador', '', '4GB', 'DDR3', 'PRODESK 600 G1', '113', '', 'BRJ449F9C7', '', 'SSD 120GB', '', 'MINI DESKTOP'),
    	('0', '4', '1', '4', NULL, 0, '1', '2023-12-26 17:29:40', '-112', 'HP', 'I5', '', 'Computador', '', '6GB', 'DDR3', 'PRODESK 600 G1', '115', '', 'BRJ449F9JP', '', 'SSD 120GB', '', 'MINI DESKTOP'),
    	('0', '4', '1', '4', NULL, 0, '1', '2023-12-26 17:29:40', '-113', 'HP', 'I5', '', 'Computador', '', '6GB', 'DDR3', 'PRODESK 600 G1', '117', '', 'BRJ529VKGQ', '', 'SSD 120GB', '', 'MINI DESKTOP'),
    	('0', '4', '1', '4', NULL, 0, '1', '2023-12-26 17:29:40', '-114', 'HP', 'I5', '', 'Computador', '', '6GB', 'DDR3', 'PRODESK 600 G1', '119', '', 'BRJ449F9JG', '', 'SSD 120GB', '', 'MINI DESKTOP'),
    	('0', '4', '1', '4', NULL, 0, '1', '2023-12-26 17:29:40', '-115', 'HP', 'I5', '', 'Computador', '', '6GB', 'DDR3', 'PRODESK 600 G1', '121', '', 'C100', '', 'SSD 120GB', '', 'MINI DESKTOP'),
    	('0', '4', '1', '4', NULL, 0, '1', '2023-12-26 17:29:40', '-116', 'HP', 'I5', '', 'Computador', '', '6GB', 'DDR3', 'PRODESK 600 G1', '123', '', 'BRJ449F9GC', '', 'SSD 120GB', '', 'MINI DESKTOP'),
    	('0', '4', '1', '4', NULL, 0, '1', '2023-12-26 17:29:40', '-117', 'HP', 'I5', '', 'Computador', '', '8GB', 'DDR3', 'PRODESK 600 G1', '131', '', 'BRJ449F9GZ', '', 'SSD 120GB', '', 'MINI DESKTOP'),
    	('0', '4', '1', '4', NULL, 0, '1', '2023-12-26 17:29:40', '-118', 'HP', 'I5', 'ALTERAR P/ 8GB RAM', 'Computador', '', '4GB', 'DDR3', 'PRODESK 600 G1', '133', '', 'BRJ529VKH0', '', 'SSD 120GB', '', 'MINI DESKTOP'),
    	('0', '4', '1', '4', NULL, 0, '1', '2023-12-26 17:29:40', '-119', 'HP', 'I5', 'DESKTOP REVISADO EM 01/2023', 'Computador', '', '8GB', 'DDR3', 'PRODESK 600 G1', '135', '', 'BRJ449F9CS', '', 'SSD 120GB', '', 'MINI DESKTOP'),
    	('0', '4', '1', '4', NULL, 0, '1', '2023-12-26 17:29:40', '-120', 'HP', 'I5', 'ALTERAR P/ 8GB RAM', 'Computador', '', '4GB', 'DDR3', 'PRODESK 600 G1', '137', '', 'C00', '', 'SSD 120GB', '', 'MINI DESKTOP'),
    	('0', '4', '1', '4', NULL, 0, '1', '2023-12-26 17:29:40', '-121', 'HP', 'I5', '', 'Computador', '', '6GB', 'DDR3', 'PRODESK 600 G1', '138', '', 'BRJ449F9FB', '', 'SSD 120GB', '', 'MINI DESKTOP'),
    	('0', '4', '1', '4', NULL, 0, '1', '2023-12-26 17:29:40', '-122', 'HP', 'I5', 'ALTERAR P/ 8GB RAM', 'Computador', '', '4GB', 'DDR3', 'PRODESK 600 G1', '144', '', 'BRJ449F9DJ', '', 'SSD 120GB', '', 'MINI DESKTOP'),
    	('0', '3', '1', '2', NULL, 0, '44', '2023-12-26 17:29:40', '-123', 'LENOVO', 'I3', '', 'Computador', '', '8GB', 'DDR3', 'THINKCENTRE EDGE 72z', '88', '', '1S3596GPPPELM218', '', 'SSD 120GB', '', 'ALL IN ONE'),
    	('0', '4', '1', '2', NULL, 0, '26', '2023-12-26 17:29:40', '-124', 'LG', 'I5', '-', 'Computador', '', '2X4GB', 'DDR3', '23V545', '', '', '506BZPS003128', '', 'SSD 240GB', '', 'ALL IN ONE'),
    	('0', '0', '1', '4', NULL, 0, '23', '2023-12-26 17:29:40', '-125', 'HP', 'A8', 'VENDIDO EM 20/08/2024', 'Computador', '', '8GB', 'DDR3', 'COMPAQ PRO 6305', '3', '', 'BRJ4406F32', '', 'SSD 120GB', '', 'SLIM DESKTOP'),
    	('0', '0', '1', '4', NULL, 0, '23', '2023-12-26 17:29:40', '-126', 'HP', 'A8', 'VENDIDO EM 20/08/2024', 'Computador', '', '8GB', 'DDR3', 'COMPAQ PRO 6305', '5', '', 'BRJ4395TQ4', '', 'SSD 120GB', '', 'SLIM DESKTOP'),
    	('0', '0', '1', '4', NULL, 0, '23', '2023-12-26 17:29:40', '-127', 'HP', 'A8', 'VENDIDO EM 20/08/2024', 'Computador', '', '8GB', 'DDR3', 'COMPAQ PRO 6305', '7', '', 'BRJ4395X7K', '', 'SSD 120GB', '', 'SLIM DESKTOP'),
    	('0', '0', '1', '4', NULL, 0, '5', '2023-12-26 17:29:40', '-128', 'HP', 'A8', '', 'Computador', '', '8GB', 'DDR3', 'COMPAQ PRO 6305', '9', '', 'BRJ4395VGB', '', 'SSD 120GB', '', 'SLIM DESKTOP'),
    	('0', '0', '1', '4', NULL, 0, '5', '2023-12-26 17:29:40', '-129', 'HP', 'A8', '', 'Computador', '', '8GB', 'DDR3', 'COMPAQ PRO 6305', '11', '', 'BRJ4395Y9L', '', 'SSD 120GB', '', 'SLIM DESKTOP'),
    	('0', '0', '1', '4', NULL, 0, '5', '2023-12-26 17:29:40', '-130', 'HP', 'A8', '', 'Computador', '', '8GB', 'DDR3', 'COMPAQ PRO 6305', '89', '', 'BRJ4406H00', '', 'SSD 120GB', '', 'SLIM DESKTOP'),
    	('0', '0', '1', '4', NULL, 0, '30', '2023-12-26 17:29:40', '-131', 'COOLER MASTER', '', '-', 'Computador', '', '', '', 'MONTADO', '', '', 'c12', '', '', '', 'MINI DESKTOP'),
    	('0', '0', '1', '4', NULL, 0, '47', '2023-12-26 17:29:40', '-132', 'HP', 'A8', '', 'Computador', '', '8GB', 'DDR3', 'ELITEDESK 705 G1', '458', '', 'BRJ6204Z7C', '', 'SSD 120GB', '', 'MINI DESKTOP'),
    	('0', '0', '1', '2', NULL, 0, '47', '2023-12-26 17:29:40', '-133', 'HP', 'A12', '', 'Computador', '', '8GB', 'DDR3', 'ELITEDESK 705 G2', '457', '', 'BRJ636W4F', '', 'SSD 120GB', '', 'MINI DESKTOP'),
    	('0', '0', '1', '2', NULL, 0, '49', '2023-12-26 17:29:40', '-134', 'MONTADO', 'I3', '', 'Computador', '', '?', 'DDR3', '-', '254', '', 'c13', '', '1 SSD 120GB + 1 HD 160GB', '', 'SERVIDOR'),
    	('0', '0', '1', '0', NULL, 0, '51', '2023-12-26 17:29:40', '-135', 'DELL', 'I3', '', 'Computador', '', '8GB', '', 'OPTIPLEX 3010', '276', '', '1D7V9X1', '', 'SSD 120GB', '', 'SLIM DESKTOP'),
    	('0', '0', '1', '6', NULL, 0, '12', '2023-12-26 17:29:40', '-136', 'HP', 'XEON W3530', 'ESTOQUE', 'Computador', '', '32GB', 'DDR3', 'WORKSTATION Z400', '231', '', '2UA1311KH2', '', '', '', 'DESKTOP'),
    	('0', '0', '1', '0', NULL, 0, '70', '2023-12-26 17:29:40', '-137', 'MONTADO', 'PENTIUM', '', 'Computador', '', '8GB', '', '-', '217', '', 'c14', '', 'SSD 240GB', '', 'DESKTOP'),
    	('0', '4', '1', '4', NULL, 0, '12', '2023-12-26 17:29:40', '-138', 'DELL', 'I3', 'USO - TV', 'Computador', '', '1X2GB + 1X4GB', 'DDR3', 'OPTIPLEX 390', 'SEM', '', 'J65P6S1', '', '1 SSD 240GB + 1 HD 2TB', '', 'SLIM DESKTOP'),
    	('0', '0', '1', '0', NULL, 0, '70', '2023-12-26 17:29:40', '-139', 'DELL', 'I3', '', 'Computador', '', '6GB', '', 'OPTIPLEX 790', '204', '', '6CWT2V1', '', 'SSD 120GB', '', 'SLIM DESKTOP'),
    	('0', '0', '1', '4', NULL, 0, '70', '2023-12-26 17:29:40', '-140', 'HP', 'CORE 2 DUO', '', 'Computador', '', '8GB', 'DDR3', 'COMPAQ 8000 ELITE', '301', '', 'BRG105FNGL', '', 'SSD 120GB', '', 'SLIM DESKTOP'),
    	('0', '0', '1', '0', NULL, 0, '71', '2023-12-26 17:29:40', '-141', 'MONTADO', 'I5', 'PLACA DE VIDEO GEFORCE GTX 2060 6GB', 'Computador', '', '24GB', '', '-', '270', '', 'c15', '', '1 SSD 240GB + 1 HD 1TB', '', 'DESKTOP'),
    	('0', '0', '1', '0', NULL, 0, '79', '2023-12-26 17:29:40', '-142', 'HP', 'I5', 'PLACA DE VIDEO (ATI HD 2400 PRO)', 'Computador', '', '8GB', '', 'COMPAQ 8200 ELITE', '346', '', 'BRG139FHJC', '', 'SSD 120GB', '', 'SLIM DESKTOP'),
    	('0', '3', '1', '4', NULL, 0, '40', '2023-12-26 17:29:40', '-143', 'HP', 'I5', 'COMPRA', 'Computador', '', '8GB', 'DDR3', 'COMPAQ 8300 ELITE', 'SEM', '', 'BRG311F0BP', '', 'SSD 240GB', '', 'SLIM DESKTOP'),
    	('0', '3', '1', '4', NULL, 0, '40', '2023-12-26 17:29:40', '-144', 'HP', 'I5', 'COMPRA', 'Computador', '', '8GB', 'DDR3', 'COMPAQ 8300 ELITE', 'SEM', '', 'BRG312F1S4', '', 'SSD 240GB', '', 'SLIM DESKTOP'),
    	('0', '3', '1', '4', NULL, 0, '73', '2023-12-26 17:29:40', '-145', 'HP', 'I5', 'LICENÇA WINDOWS 3XH48-VNHRV-89JF6-6C243-MDWXC', 'Computador', '', '4X2GB', 'DDR3', 'COMPAQ 8300 ELITE', '466', '', 'BRG316F5TS', '', 'SSD 240GB', '', 'SLIM DESKTOP'),
    	('0', '3', '1', '4', NULL, 0, '40', '2023-12-26 17:29:40', '-146', 'HP', 'I5', 'COMPRA', 'Computador', '', '8GB', 'DDR3', 'COMPAQ 8300 ELITE', 'SEM', '', 'BRG312FB99', '', 'SSD 240GB', '', 'SLIM DESKTOP'),
    	('0', '3', '1', '4', NULL, 0, '40', '2023-12-26 17:29:40', '-147', 'HP', 'I5', 'COMPRA', 'Computador', '', '8GB', 'DDR3', 'COMPAQ 8300 ELITE', 'SEM', '', 'BRG316F2T2', '', 'SSD 240GB', '', 'SLIM DESKTOP'),
    	('0', '3', '1', '4', NULL, 0, '40', '2023-12-26 17:29:40', '-148', 'HP', 'I5', 'COMPRA', 'Computador', '', '8GB', 'DDR3', 'COMPAQ 8300 ELITE', 'SEM', '', 'BRG325F1W7', '', 'SSD 240GB', '', 'SLIM DESKTOP'),
    	('0', '3', '1', '4', NULL, 0, '40', '2023-12-26 17:29:40', '-149', 'HP', 'I5', 'COMPRA', 'Computador', '', '8GB', 'DDR3', 'COMPAQ 8300 ELITE', 'SEM', '', 'BRG325F17F', '', 'SSD 240GB', '', 'SLIM DESKTOP'),
    	('0', '3', '1', '4', NULL, 0, '40', '2023-12-26 17:29:40', '-150', 'HP', 'I5', 'COMPRA', 'Computador', '', '8GB', 'DDR3', 'COMPAQ 8300 ELITE', 'SEM', '', 'BRG311F0T2', '', 'SSD 240GB', '', 'SLIM DESKTOP'),
    	('0', '3', '1', '4', NULL, 0, '36', '2023-12-26 17:29:40', '-151', 'HP', 'I5', 'ESTOQUE - LICENÇA WINDOWS FCBHN-QT3J2-X72TJ-F48KB-88F9C', 'Computador', '', '4X2GB', 'DDR3', 'COMPAQ 8300 ELITE', '467', '', 'BRG316F6Z6', '', '0', '', 'SLIM DESKTOP'),
    	('0', '3', '1', '4', NULL, 0, '40', '2023-12-26 17:29:40', '-152', 'HP', 'I5', 'COMPRA', 'Computador', '', '8GB', 'DDR3', 'COMPAQ 8300 ELITE', 'SEM', '', 'BRG316F4NZ', '', 'SSD 240GB', '', 'SLIM DESKTOP'),
    	('0', '3', '1', '4', NULL, 0, '40', '2023-12-26 17:29:40', '-153', 'HP', 'I5', 'COMPRA', 'Computador', '', '8GB', 'DDR3', 'COMPAQ 8300 ELITE', 'SEM', '', 'BRJ40615XF', '', 'SSD 240GB', '', 'SLIM DESKTOP'),
    	('0', '3', '1', '4', NULL, 0, '40', '2023-12-26 17:29:40', '-154', 'HP', 'I5', 'COMPRA', 'Computador', '', '8GB', 'DDR3', 'COMPAQ 8300 ELITE', 'SEM', '', 'BRG316F3B5', '', 'SSD 240GB', '', 'SLIM DESKTOP'),
    	('0', '3', '1', '4', NULL, 0, '40', '2023-12-26 17:29:40', '-155', 'HP', 'I5', 'COMPRA', 'Computador', '', '8GB', 'DDR3', 'COMPAQ 8300 ELITE', 'SEM', '', 'BRJ41451P3', '', 'SSD 240GB', '', 'SLIM DESKTOP'),
    	('0', '3', '1', '4', NULL, 0, '40', '2023-12-26 17:29:40', '-156', 'HP', 'I5', 'COMPRA', 'Computador', '', '8GB', 'DDR3', 'COMPAQ 8300 ELITE', 'SEM', '', 'BRG317F2Y5', '', 'SSD 240GB', '', 'SLIM DESKTOP'),
    	('0', '3', '1', '4', NULL, 0, '40', '2023-12-26 17:29:40', '-157', 'HP', 'I5', 'COMPRA', 'Computador', '', '8GB', 'DDR3', 'COMPAQ 8300 ELITE', 'SEM', '', 'BRG325F1RT', '', 'SSD 240GB', '', 'SLIM DESKTOP'),
    	('0', '3', '1', '4', NULL, 0, '40', '2023-12-26 17:29:40', '-158', 'HP', 'I5', 'COMPRA', 'Computador', '', '8GB', 'DDR3', 'COMPAQ 8300 ELITE', 'SEM', '', 'BRG325F105', '', 'SSD 240GB', '', 'SLIM DESKTOP'),
    	('0', '3', '1', '4', NULL, 0, '40', '2023-12-26 17:29:40', '-159', 'HP', 'I5', 'COMPRA', 'Computador', '', '8GB', 'DDR3', 'COMPAQ 8300 ELITE', 'SEM', '', 'BRJ4061FZ7', '', 'SSD 240GB', '', 'SLIM DESKTOP'),
    	('0', '3', '1', '4', NULL, 0, '40', '2023-12-26 17:29:40', '-160', 'HP', 'I5', 'COMPRA', 'Computador', '', '8GB', 'DDR3', 'COMPAQ 8300 ELITE', 'SEM', '', 'BRG325F1KW', '', 'SSD 240GB', '', 'SLIM DESKTOP'),
    	('0', '3', '1', '4', NULL, 0, '40', '2023-12-26 17:29:40', '-161', 'HP', 'I5', 'COMPRA', 'Computador', '', '8GB', 'DDR3', 'COMPAQ 8300 ELITE', 'SEM', '', 'BRJ4061FMJ', '', 'SSD 240GB', '', 'SLIM DESKTOP'),
    	('0', '3', '1', '4', NULL, 0, '40', '2023-12-26 17:29:40', '-162', 'HP', 'I5', 'COMPRA', 'Computador', '', '8GB', 'DDR3', 'COMPAQ 8300 ELITE', 'SEM', '', 'BRG335F14K', '', 'SSD 240GB', '', 'SLIM DESKTOP'),
    	('0', '3', '1', '4', NULL, 0, '40', '2023-12-26 17:29:40', '-163', 'HP', 'I5', 'COMPRA', 'Computador', '', '8GB', 'DDR3', 'COMPAQ 8300 ELITE', 'SEM', '', 'BRG325F1T0', '', 'SSD 240GB', '', 'SLIM DESKTOP'),
    	('0', '3', '1', '4', NULL, 0, '40', '2023-12-26 17:29:40', '-164', 'HP', 'I5', 'COMPRA', 'Computador', '', '8GB', 'DDR3', 'COMPAQ 8300 ELITE', 'SEM', '', 'BRG325F1D5', '', 'SSD 240GB', '', 'SLIM DESKTOP'),
    	('0', '3', '1', '4', NULL, 0, '40', '2023-12-26 17:29:40', '-165', 'HP', 'I5', 'COMPRA', 'Computador', '', '8GB', 'DDR3', 'COMPAQ 8300 ELITE', 'SEM', '', 'BRG325F1PV', '', 'SSD 240GB', '', 'SLIM DESKTOP'),
    	('0', '3', '1', '4', NULL, 0, '40', '2023-12-26 17:29:40', '-166', 'HP', 'I5', 'COMPRA', 'Computador', '', '8GB', 'DDR3', 'COMPAQ 8300 ELITE', 'SEM', '', 'BRJ4061FRH', '', 'SSD 240GB', '', 'SLIM DESKTOP'),
    	('0', '3', '1', '4', NULL, 0, '40', '2023-12-26 17:29:40', '-167', 'HP', 'I5', 'COMPRA', 'Computador', '', '8GB', 'DDR3', 'COMPAQ 8300 ELITE', 'SEM', '', 'BRG311F1lK', '', 'SSD 240GB', '', 'SLIM DESKTOP'),
    	('0', '3', '1', '4', NULL, 0, '40', '2023-12-26 17:29:40', '-168', 'HP', 'I5', 'COMPRA', 'Computador', '', '8GB', 'DDR3', 'COMPAQ 8300 ELITE', 'SEM', '', 'BRG311F09B', '', 'SSD 240GB', '', 'SLIM DESKTOP'),
    	('0', '3', '1', '4', NULL, 0, '40', '2023-12-26 17:29:40', '-169', 'HP', 'I5', 'COMPRA', 'Computador', '', '8GB', 'DDR3', 'COMPAQ 8300 ELITE', 'SEM', '', 'BRG312F1S6', '', 'SSD 240GB', '', 'SLIM DESKTOP'),
    	('0', '3', '1', '4', NULL, 0, '40', '2023-12-26 17:29:40', '-170', 'HP', 'I5', 'COMPRA', 'Computador', '', '8GB', 'DDR3', 'COMPAQ 8300 ELITE', 'SEM', '', 'BRG325F1SD', '', 'SSD 240GB', '', 'SLIM DESKTOP'),
    	('0', '3', '1', '4', NULL, 0, '40', '2023-12-26 17:29:40', '-171', 'HP', 'I5', 'COMPRA', 'Computador', '', '8GB', 'DDR3', 'COMPAQ 8200 ELITE', 'SEM', '', 'BRG218FM8L', '', 'SSD 240GB', '', 'SLIM DESKTOP'),
    	('0', '3', '1', '4', NULL, 0, '40', '2023-12-26 17:29:40', '-172', 'HP', 'I5', 'COMPRA', 'Computador', '', '8GB', 'DDR3', 'COMPAQ 8300 ELITE', 'SEM', '', 'BRG312F17H', '', 'SSD 240GB', '', 'SLIM DESKTOP'),
    	('0', '3', '1', '4', NULL, 0, '40', '2023-12-26 17:29:40', '-173', 'HP', 'I5', 'COMPRA', 'Computador', '', '8GB', 'DDR3', 'COMPAQ 8300 ELITE', 'SEM', '', 'BRJ4197QMT', '', 'SSD 240GB', '', 'SLIM DESKTOP'),
    	('0', '3', '1', '4', NULL, 0, '40', '2023-12-26 17:29:40', '-174', 'HP', 'I5', 'COMPRA', 'Computador', '', '8GB', 'DDR3', 'COMPAQ 8300 ELITE', 'SEM', '', 'BRG311F09Y', '', 'SSD 240GB', '', 'SLIM DESKTOP'),
    	('0', '3', '1', '4', NULL, 0, '40', '2023-12-26 17:29:40', '-175', 'HP', 'I5', 'COMPRA', 'Computador', '', '8GB', 'DDR3', 'COMPAQ 8300 ELITE', 'SEM', '', 'BRJ4061D0H', '', 'SSD 240GB', '', 'SLIM DESKTOP'),
    	('0', '3', '1', '4', NULL, 0, '40', '2023-12-26 17:29:40', '-176', 'HP', 'I5', 'COMPRA', 'Computador', '', '8GB', 'DDR3', 'COMPAQ 8300 ELITE', 'SEM', '', 'BRG312F07F', '', 'SSD 240GB', '', 'SLIM DESKTOP'),
    	('0', '3', '1', '4', NULL, 0, '40', '2023-12-26 17:29:40', '-177', 'HP', 'I5', 'COMPRA', 'Computador', '', '8GB', 'DDR3', 'COMPAQ 8300 ELITE', 'SEM', '', 'BRJ4155J83', '', 'SSD 240GB', '', 'SLIM DESKTOP'),
    	('0', '3', '1', '4', NULL, 0, '40', '2023-12-26 17:29:40', '-178', 'HP', 'I5', 'COMPRA', 'Computador', '', '8GB', 'DDR3', 'COMPAQ 8300 ELITE', 'SEM', '', 'BRG311F0H3', '', 'SSD 240GB', '', 'SLIM DESKTOP'),
    	('0', '3', '1', '4', NULL, 0, '40', '2023-12-26 17:29:40', '-179', 'HP', 'I5', 'COMPRA', 'Computador', '', '8GB', 'DDR3', 'COMPAQ 8300 ELITE', 'SEM', '', 'BRJ4155J3G', '', 'SSD 240GB', '', 'SLIM DESKTOP'),
    	('0', '3', '1', '4', NULL, 0, '40', '2023-12-26 17:29:40', '-180', 'HP', 'I5', 'COMPRA', 'Computador', '', '8GB', 'DDR3', 'COMPAQ 8300 ELITE', 'SEM', '', 'BRG351F5XR', '', 'SSD 240GB', '', 'SLIM DESKTOP'),
    	('0', '3', '1', '4', NULL, 0, '40', '2023-12-26 17:29:40', '-181', 'HP', 'I5', 'COMPRA', 'Computador', '', '8GB', 'DDR3', 'COMPAQ 8300 ELITE', 'SEM', '', 'BRG335F184', '', 'SSD 240GB', '', 'SLIM DESKTOP'),
    	('0', '3', '1', '4', NULL, 0, '40', '2023-12-26 17:29:40', '-182', 'HP', 'I5', 'COMPRA', 'Computador', '', '8GB', 'DDR3', 'COMPAQ 8300 ELITE', 'SEM', '', 'BRG317F2WN', '', 'SSD 240GB', '', 'SLIM DESKTOP'),
    	('0', '3', '1', '4', NULL, 0, '40', '2023-12-26 17:29:40', '-183', 'HP', 'I5', 'COMPRA', 'Computador', '', '8GB', 'DDR3', 'COMPAQ 8300 ELITE', 'SEM', '', 'BRG311F1W4', '', 'SSD 240GB', '', 'SLIM DESKTOP'),
    	('0', '3', '1', '4', NULL, 0, '40', '2023-12-26 17:29:40', '-184', 'HP', 'I5', 'COMPRA', 'Computador', '', '8GB', 'DDR3', 'COMPAQ 8300 ELITE', 'SEM', '', 'BRG311F1QF', '', 'SSD 240GB', '', 'SLIM DESKTOP'),
    	('0', '3', '1', '4', NULL, 0, '40', '2023-12-26 17:29:40', '-185', 'HP', 'I5', 'COMPRA', 'Computador', '', '8GB', 'DDR3', 'COMPAQ 8300 ELITE', 'SEM', '', 'BRG312F2MT', '', 'SSD 240GB', '', 'SLIM DESKTOP'),
    	('0', '3', '1', '4', NULL, 0, '40', '2023-12-26 17:29:40', '-186', 'HP', 'I5', 'COMPRA', 'Computador', '', '8GB', 'DDR3', 'COMPAQ 8300 ELITE', 'SEM', '', 'BRG316F67P', '', 'SSD 240GB', '', 'SLIM DESKTOP'),
    	('0', '3', '1', '4', NULL, 0, '73', '2023-12-26 17:29:40', '-187', 'HP', 'I5', 'LICENÇA WINDOWS KT2F3-YWN8C-DTK6X-CDTV8-W44C2', 'Computador', '', '4X2GB', 'DDR3', 'COMPAQ 8300 ELITE', '469', '', 'BRG312F00Y', '', 'SSD 240GB', '', 'SLIM DESKTOP'),
    	('0', '3', '1', '4', NULL, 0, '40', '2023-12-26 17:29:40', '-188', 'HP', 'I5', 'COMPRA', 'Computador', '', '8GB', 'DDR3', 'COMPAQ 8300 ELITE', 'SEM', '', 'BRG310FBZ4', '', 'SSD 240GB', '', 'SLIM DESKTOP'),
    	('0', '3', '1', '4', NULL, 0, '40', '2023-12-26 17:29:40', '-189', 'HP', 'I5', 'COMPRA', 'Computador', '', '8GB', 'DDR3', 'COMPAQ 8300 ELITE', 'SEM', '', 'BRG312FC3S', '', 'SSD 240GB', '', 'SLIM DESKTOP'),
    	('0', '3', '1', '4', NULL, 0, '73', '2023-12-26 17:29:40', '-190', 'HP', 'I5', 'LICENÇA WINDOWS H6NGX-2Q2T6-2GVM6-P3WPR-VMH22', 'Computador', '', '4X2GB', 'DDR3', 'COMPAQ 8300 ELITE', '470', '', 'BRG311F0DY', '', 'SSD 240GB', '', 'SLIM DESKTOP'),
    	('0', '3', '1', '4', NULL, 0, '40', '2023-12-26 17:29:40', '-191', 'HP', 'I5', 'COMPRA', 'Computador', '', '8GB', 'DDR3', 'COMPAQ 8300 ELITE', 'SEM', '', 'BRG312F286', '', 'SSD 240GB', '', 'SLIM DESKTOP'),
    	('0', '3', '1', '4', NULL, 0, '40', '2023-12-26 17:29:40', '-192', 'HP', 'I5', 'COMPRA', 'Computador', '', '8GB', 'DDR3', 'COMPAQ 8300 ELITE', 'SEM', '', 'BRG316F4RC', '', 'SSD 240GB', '', 'SLIM DESKTOP'),
    	('0', '3', '1', '4', NULL, 0, '40', '2023-12-26 17:29:40', '-193', 'HP', 'I5', 'COMPRA', 'Computador', '', '8GB', 'DDR3', 'COMPAQ 8300 ELITE', 'SEM', '', 'BRG311F0CN', '', 'SSD 240GB', '', 'SLIM DESKTOP'),
    	('0', '3', '1', '4', NULL, 0, '40', '2023-12-26 17:29:40', '-194', 'HP', 'I5', 'COMPRA', 'Computador', '', '8GB', 'DDR3', 'COMPAQ 8300 ELITE', 'SEM', '', 'BRG312FB5H', '', 'SSD 240GB', '', 'SLIM DESKTOP'),
    	('0', '3', '1', '4', NULL, 0, '40', '2023-12-26 17:29:40', '-195', 'HP', 'I5', 'COMPRA', 'Computador', '', '8GB', 'DDR3', 'COMPAQ 8300 ELITE', 'SEM', '', 'BRG325F14B', '', 'SSD 240GB', '', 'SLIM DESKTOP'),
    	('0', '3', '1', '4', NULL, 0, '40', '2023-12-26 17:29:40', '-196', 'HP', 'I5', 'COMPRA', 'Computador', '', '8GB', 'DDR3', 'COMPAQ 8300 ELITE', 'SEM', '', 'BRJ4092D52', '', 'SSD 240GB', '', 'SLIM DESKTOP'),
    	('0', '3', '1', '4', NULL, 0, '73', '2023-12-26 17:29:40', '-197', 'HP', 'I5', 'LICENÇA WINDOWS VRHKN-9FHQ6-WJJTV-TPBRJ-RX8XC', 'Computador', '', '4X2GB', 'DDR3', 'COMPAQ 8300 ELITE', '468', '', 'BRG312F17D', '', 'SSD 240GB', '', 'SLIM DESKTOP'),
    	('0', '0', '1', '0', NULL, 0, '79', '2023-12-26 17:29:40', '-198', 'HP', 'CORE 2 DUO', '', 'Computador', '', '8GB', '', 'COMPAQ DC 5800', '275', '', 'BRG925F36Q', '', 'SSD 120GB', '', 'SLIM DESKTOP'),
    	('0', '0', '1', '4', NULL, 0, '79', '2023-12-26 17:29:40', '-199', 'HP', 'A8', '', 'Computador', '', '8GB', 'DDR3', 'COMPAQ PRO 6305', '1', '', 'BRJ4406CWD', '', 'SSD 120GB', '', 'SLIM DESKTOP'),
    	('0', '0', '1', '4', NULL, 0, '79', '2023-12-26 17:29:40', '-200', 'HP', 'A8', '', 'Computador', '', '8GB', 'DDR3', 'COMPAQ PRO 6305', '17', '', 'BRJ4395X8Z', '', 'SSD 120GB', '', 'SLIM DESKTOP'),
    	('0', '0', '1', '4', NULL, 0, '79', '2023-12-26 17:29:40', '-201', 'HP', 'A8', '', 'Computador', '', '8GB', 'DDR3', 'COMPAQ PRO 6305', '45', '', 'BRJ4395Y9M', '', 'SSD 240GB', '', 'SLIM DESKTOP'),
    	('0', '0', '1', '4', NULL, 0, '16', '2023-12-26 17:29:40', '-202', 'HP', 'A8', '-', 'Computador', '', '0', 'DDR3', 'COMPAQ PRO 6305', '', '', 'BRJ4395VJB', '', '0', '', 'SLIM DESKTOP'),
    	('0', '0', '1', '4', NULL, 0, '79', '2023-12-26 17:29:40', '-203', 'HP', 'A8', '', 'Computador', '', '8GB', 'DDR3', 'COMPAQ PRO 6305', '73', '', 'BRJ4395X2V', '', 'SSD 120GB', '', 'SLIM DESKTOP'),
    	('0', '0', '1', '4', NULL, 0, '79', '2023-12-26 17:29:40', '-204', 'HP', 'A8', '', 'Computador', '', '8GB', 'DDR3', 'COMPAQ PRO 6305', '74', '', 'BRJ4395X7N', '', 'SSD 120GB', '', 'SLIM DESKTOP'),
    	('0', '0', '1', '4', NULL, 0, '79', '2023-12-26 17:29:40', '-205', 'HP', 'A8', '', 'Computador', '', '8GB', 'DDR3', 'COMPAQ PRO 6305', '96', '', 'BRJ4406D7B', '', 'SSD 120GB', '', 'SLIM DESKTOP'),
    	('0', '0', '1', '4', NULL, 0, '79', '2023-12-26 17:29:40', '-206', 'HP', 'A8', '', 'Computador', '', '8GB', 'DDR3', 'COMPAQ PRO 6305', '292', '', 'BRJ4395X66', '', 'SSD 120GB', '', 'SLIM DESKTOP'),
    	('0', '0', '1', '4', NULL, 0, '79', '2023-12-26 17:29:40', '-207', 'HP', 'A8', 'DESKTOP REVISADO EM 01/02/2023', 'Computador', '', '8GB', 'DDR3', 'COMPAQ PRO 6305', '314', '', 'BRJ4396VJV', '', 'SSD 240GB', '', 'SLIM DESKTOP'),
    	('0', '0', '1', '4', NULL, 0, '79', '2023-12-26 17:29:40', '-208', 'HP', 'A8', 'DESKTOP REVISADO EM 01/02/2023', 'Computador', '', '8GB', 'DDR3', 'COMPAQ PRO 6305', '315', '', 'BRJ4395VFX', '', 'SSD 240GB', '', 'SLIM DESKTOP'),
    	('0', '0', '1', '4', NULL, 0, '79', '2023-12-26 17:29:40', '-209', 'HP', 'A8', 'DESKTOP REVISADO EM 01/02/2023', 'Computador', '', '8GB', 'DDR3', 'COMPAQ PRO 6305', '316', '', 'BRJ4395VJ5', '', 'SSD 240GB', '', 'SLIM DESKTOP'),
    	('0', '0', '1', '4', NULL, 0, '79', '2023-12-26 17:29:40', '-210', 'HP', 'A8', 'DESKTOP REVISADO EM 01/02/2023', 'Computador', '', '8GB', 'DDR3', 'COMPAQ PRO 6305', '317', '', 'BRJ4395VFW', '', 'SSD 240GB', '', 'SLIM DESKTOP'),
    	('0', '0', '1', '4', NULL, 0, '79', '2023-12-26 17:29:40', '-211', 'HP', 'A8', 'DESKTOP REVISADO EM 09/02/2023', 'Computador', '', '8GB', 'DDR3', 'ELITEDESK 705 G1', '326', '', 'BRJ62259YT', '', 'SSD 120GB', '', 'MINI DESKTOP'),
    	('0', '0', '1', '2', NULL, 0, '79', '2023-12-26 17:29:40', '-212', 'HP', 'A12', '', 'Computador', '', '8GB', 'DDR3', 'ELITEDESK 705 G2', '455', '', 'BRJ6357VX5', '', 'SSD 120GB', '', 'MINI DESKTOP'),
    	('0', '4', '1', '4', NULL, 0, '79', '2023-12-26 17:29:40', '-213', 'HP', 'I5', '', 'Computador', '', '8GB', 'DDR3', 'PRODESK 600 G1', '80', '', 'BRJ449F9GD', '', 'SSD 120GB', '', 'MINI DESKTOP'),
    	('0', '4', '1', '4', NULL, 0, '79', '2023-12-26 17:29:40', '-214', 'HP', 'I5', 'MINI DESKTOP REVISADO EM 13/05/2022', 'Computador', '', '8GB', 'DDR3', 'PRODESK 600 G1', '259', '', 'BRJ449F9HX', '', 'SSD 120GB', '', 'MINI DESKTOP'),
    	('0', '0', '2', '12', NULL, 0, '79', '2023-12-26 17:29:40', '-215', 'HP', 'XEON X5680', 'PLACA DE VIDEO GTX 750 - 2 Gb', 'Computador', '', '2X16GB', 'DDR3', 'WORKSTATION Z800', '329', '', 'BRG045FS26', '', '1 SSD 240GB + 1 HD 1TB', '', 'DESKTOP'),
    	('0', '0', '1', '0', NULL, 0, '79', '2023-12-26 17:29:40', '-216', 'LENOVO', 'CORE 2 DUO', '', 'Computador', '', '8GB', '', 'THINKCENTRE M58P', '13', '', 'L1BPRDV', '', 'SSD 120GB', '', 'SLIM DESKTOP'),
    	('0', '0', '1', '0', NULL, 0, '79', '2023-12-26 17:29:40', '-217', 'LENOVO', 'CORE 2 DUO', '', 'Computador', '', '8GB', '', 'THINKCENTRE M58P', '151', '', 'L1BLA81', '', 'SSD 120GB', '', 'SLIM DESKTOP'),
    	('0', '0', '1', '0', NULL, 0, '79', '2023-12-26 17:29:40', '-218', 'LENOVO', 'CORE 2 DUO', '', 'Computador', '', '8GB', '', 'THINKCENTRE M58P', '163', '', 'L1BPRHP', '', 'SSD 120GB', '', 'SLIM DESKTOP'),
    	('0', '0', '1', '0', NULL, 0, '79', '2023-12-26 17:29:40', '-219', 'LENOVO', 'CORE 2 DUO', '', 'Computador', '', '8GB', '', 'THINKCENTRE M58P', '164', '', 'L1BLMTN', '', 'SSD 120GB', '', 'SLIM DESKTOP'),
    	('0', '0', '1', '0', NULL, 0, '79', '2023-12-26 17:29:40', '-220', 'LENOVO', 'CORE 2 DUO', '', 'Computador', '', '8GB', '', 'THINKCENTRE M58P', '165', '', 'L1C1V53', '', 'SSD 120GB', '', 'SLIM DESKTOP'),
    	('0', '0', '1', '0', NULL, 0, '79', '2023-12-26 17:29:40', '-221', 'LENOVO', 'CORE 2 DUO', '', 'Computador', '', '8GB', '', 'THINKCENTRE M58P', '261', '', 'L1BV22G', '', 'SSD 240GB', '', 'SLIM DESKTOP'),
    	('0', '0', '1', '0', NULL, 0, '79', '2023-12-26 17:29:40', '-222', 'LENOVO', 'I5', '', 'Computador', '', '8GB', '', 'THINKCENTRE M81', '440', '', 'L1C1V9K', '', 'SSD 240GB', '', 'SLIM DESKTOP'),
    	('0', '0', '1', '0', NULL, 0, '79', '2023-12-26 17:29:40', '-223', 'LENOVO', 'I5', '', 'Computador', '', '8GB', '', 'THINKCENTRE M81', '431', '', 'L1C8A7R', '', 'SSD 240GB', '', 'SLIM DESKTOP'),
    	('0', '0', '1', '0', NULL, 0, '79', '2023-12-26 17:29:40', '-224', 'LENOVO', 'I5', '', 'Computador', '', '8GB', '', 'THINKCENTRE M81', '432', '', 'L1C1DYD', '', 'SSD 240GB', '', 'SLIM DESKTOP'),
    	('0', '0', '1', '0', NULL, 0, '79', '2023-12-26 17:29:40', '-225', 'LENOVO', 'I5', '', 'Computador', '', '8GB', '', 'THINKCENTRE M81', '433', '', 'L1C1DYT', '', 'SSD 240GB', '', 'SLIM DESKTOP'),
    	('0', '0', '1', '0', NULL, 0, '79', '2023-12-26 17:29:40', '-226', 'LENOVO', 'I5', '', 'Computador', '', '8GB', '', 'THINKCENTRE M81', '434', '', 'L1CAB9G', '', 'SSD 240GB', '', 'SLIM DESKTOP'),
    	('0', '0', '1', '0', NULL, 0, '79', '2023-12-26 17:29:40', '-227', 'LENOVO', 'I5', '', 'Computador', '', '8GB', '', 'THINKCENTRE M81', '435', '', 'L1C1V8F', '', 'SSD 240GB', '', 'SLIM DESKTOP'),
    	('0', '0', '1', '0', NULL, 0, '79', '2023-12-26 17:29:40', '-228', 'LENOVO', 'I5', '', 'Computador', '', '8GB', '', 'THINKCENTRE M81', '436', '', 'L1CABKC', '', 'SSD 240GB', '', 'SLIM DESKTOP'),
    	('0', '0', '1', '0', NULL, 0, '79', '2023-12-26 17:29:40', '-229', 'LENOVO', 'I5', '', 'Computador', '', '8GB', '', 'THINKCENTRE M81', '437', '', 'L1C8A79', '', 'SSD 240GB', '', 'SLIM DESKTOP'),
    	('0', '0', '1', '0', NULL, 0, '79', '2023-12-26 17:29:40', '-230', 'LENOVO', 'I5', '', 'Computador', '', '8GB', '', 'THINKCENTRE M81', '438', '', 'L1C8A70', '', 'SSD 240GB', '', 'SLIM DESKTOP'),
    	('0', '0', '1', '0', NULL, 0, '79', '2023-12-26 17:29:40', '-231', 'LENOVO', 'I5', '', 'Computador', '', '8GB', '', 'THINKCENTRE M81', '439', '', 'L1C8A83', '', 'SSD 240GB', '', 'SLIM DESKTOP'),
    	('0', '0', '1', '6', NULL, 0, '46', '2023-12-26 17:29:40', '-232', 'HP', 'XEON W3550', 'PLACA DE VÍDEO P/ IMAGEM', 'Computador', '', '2X4GB + 4X2GB', 'DDR3', 'WORKSTATION Z400', '91', '', 'BRG244F4SK', '', '1 SSD 240GB + 1 HD 2TB', '', 'DESKTOP'),
    	('0', '2', '1', '4', NULL, 0, '79', '2023-12-26 17:29:40', '-233', 'HP', 'I5', '', 'Computador', '', '4X2GB', 'DDR3', 'COMPAQ PRO 6305', '360', '', 'BRJ4406F26', '', 'SSD 120GB', '', 'SLIM DESKTOP'),
    	('0', '0', '1', '2', NULL, 0, '12', '2023-12-26 17:29:40', '-234', 'MONTADO', 'CELERON', '', 'Computador', '', '4GB', 'DDR3', '', 'SEM', '', '', '', '', '', 'MINI DESKTOP'),
    	('0', '0', '1', '4', NULL, 0, '42', '2023-12-26 17:29:40', '-235', 'HP', 'A8', '', 'Computador', '', '4X2GB', 'DDR3', 'COMPAQ PRO 6305', '208', '', 'BRJ4395VQW', '', 'SSD 120GB', '', 'SLIM DESKTOP'),
    	('0', '0', '1', '6', NULL, 0, '32', '2023-12-26 17:29:40', '-236', 'IBM', 'XEON X3430', '', 'Computador', '', '4X4GB', 'DDR3', 'SYSTEM x3200 M3', '', '', 'TR017P0', '', 'SSD 240GB + HD 2TB', '', 'SERVIDOR'),
    	('0', '0', '1', '2', NULL, 0, '73', '2023-12-26 17:29:40', '-237', 'HP', 'PENTIUM', 'ATIVADO COM LICENÇA DIGITAL', 'Computador', '', '2X4GB', 'DDR3', 'PRODESK 600 G1', '472', '', 'BRJ449F9DT', '', 'SSD 120GB', '', 'MINI DESKTOP'),
    	('0', '0', '1', '2', NULL, 0, '22', '2023-12-26 17:29:40', '-238', 'LENOVO', 'I5', '-', 'Computador', '', '2X4GB', 'DDR3', 'THINKCENTRE E73', '-', '', 'PE02HVFC', '', 'SSD 500GB', '', 'SLIM DESKTOP'),
    	('0', '0', '1', '2', NULL, 0, '2', '2023-12-26 17:29:40', '-239', '-', 'I3', 'SERVIDOR', 'Computador', '', '2X4GB', 'DDR3', 'MONTADO', '489', '', 'c16', '', '1 SSD 120GB + 2 HD 1TB', '', 'DESKTOP'),
    	('0', '4', '1', '2', NULL, 0, '8', '2023-12-26 17:29:40', '-240', 'POSITIVO', 'I5', '', 'Computador', '', '1X8GB', 'DDR3', 'MASTER D180', '499', '', '4A1721R2W', '', 'SSD 240GB', '', 'SLIM DESKTOP'),
    	('0', '4', '1', '2', NULL, 0, '8', '2023-12-26 17:29:40', '-241', 'POSITIVO', 'I5', '', 'Computador', '', '1X8GB', 'DDR3', 'MASTER D180', '500', '', '4A210X96E', '', 'SSD 120GB', '', 'SLIM DESKTOP'),
    	('0', '4', '1', '2', NULL, 0, '8', '2023-12-26 17:29:40', '-242', 'POSITIVO', 'I5', '', 'Computador', '', '1X8GB', 'DDR3', 'MASTER D180', '501', '', '4A170W74D', '', 'SSD 240GB', '', 'SLIM DESKTOP'),
    	('0', '4', '1', '2', NULL, 0, '4', '2023-12-26 17:29:40', '-243', 'POSITIVO', 'I5', '', 'Computador', '', '1X8GB', 'DDR3', 'MASTER D180', '502', '', '4A172206F', '', 'SSD 240GB', '', 'SLIM DESKTOP'),
    	('0', '4', '1', '2', NULL, 0, '4', '2023-12-26 17:29:40', '-244', 'POSITIVO', 'I5', '', 'Computador', '', '1X8GB', 'DDR3', 'MASTER D180', '503', '', '4A1722B8L', '', 'SSD 240GB', '', 'SLIM DESKTOP'),
    	('0', '4', '1', '2', NULL, 0, '4', '2023-12-26 17:29:40', '-245', 'POSITIVO', 'I5', '', 'Computador', '', '2X4GB', 'DDR3', 'MASTER D180', '510', '', '4A1722C59', '', 'SSD 240GB', '', 'SLIM DESKTOP'),
    	('0', '4', '1', '2', NULL, 0, '4', '2023-12-26 17:29:40', '-246', 'POSITIVO', 'I5', '', 'Computador', '', '2X4GB', 'DDR3', 'MASTER D180', '511', '', '4A1722F1Y', '', 'SSD 240GB', '', 'SLIM DESKTOP'),
    	('0', '4', '1', '2', NULL, 0, '4', '2023-12-26 17:29:40', '-247', 'POSITIVO', 'I5', '', 'Computador', '', '2X4GB', 'DDR3', 'MASTER D180', '512', '', '4A170VN7X', '', 'SSD 240GB', '', 'SLIM DESKTOP'),
    	('0', '4', '1', '2', NULL, 0, '73', '2023-12-26 17:29:40', '-248', 'POSITIVO', 'I5', '', 'Computador', '', '2X4GB', 'DDR3', 'MASTER D180', '513', '', '4A171T61D', '', 'SSD 240GB', '', 'SLIM DESKTOP'),
    	('0', '0', '1', '0', NULL, 0, '84', '2023-12-26 17:29:40', '-249', 'HP', 'ATHLON X2', '', 'Computador', '', '8GB', 'DDR3', 'COMPAQ 6005 PRO', '516', '', 'BRG024F3CH', '', 'SSD 240GB', '', 'SLIM DESKTOP'),
    	('0', '0', '1', '0', NULL, 0, '84', '2023-12-26 17:29:40', '-250', 'HP', 'A8', '', 'Computador', '', '8GB', 'DDR3', 'COMPAQ PRO 6305', '517', '', 'BRJ4395VSL', '', 'SSD 240GB', '', 'SLIM DESKTOP'),
    	('0', '0', '1', '0', NULL, 0, '84', '2023-12-26 17:29:40', '-251', 'HP', 'A8', '', 'Computador', '', '2X4GB', 'DDR3', 'COMPAQ PRO 6305', '519', '', 'BRJ4395V12', '', 'SSD 120GB', '', 'SLIM DESKTOP'),
    	('0', '0', '1', '4', NULL, 0, '12', '2023-12-26 17:29:40', '-253', 'HP', 'A8', 'ESTOQUE', 'Computador', '', '2X4GB', 'DDR3', 'HP ELITE DESK 705 G2 SFF', '542', '', 'BRJ649B983', '', '0', '', 'SLIM DESKTOP'),
    	('0', '4', '1', '2', NULL, 0, '12', '2023-12-26 17:29:40', '-255', 'POSITIVO', 'I5', 'ESTOQUE', 'Computador', '', '1X2GB', 'DDR3', 'MASTER D180', '544', '', '4A170VY5K', '', '0', '', 'SLIM DESKTOP'),
    	('0', '0', '1', '4', NULL, 0, '12', '2023-12-26 17:29:40', '-256', 'LENOVO', 'CORE 2 DUO', 'ESTOQUE', 'Computador', '', '3X2GB', 'DDR3', 'THINKCENTRE M58P', '549', '', 'L1BGF4L', '', 'SSD 120GB', '', 'SLIM DESKTOP'),
    	('0', '0', '2', '12', NULL, 0, '12', '2023-12-26 17:29:40', '-257', 'HP', 'XEON', 'ESTOQUE', 'Computador', '', '16GB', 'DDR3', 'Z800', '611', '', 'BRG045FRZ3', '', '', '', 'DESKTOP'),
    	('0', '0', '0', '0', NULL, 0, '17', '2023-12-26 17:29:40', '-258', 'BROTHER', '', '', 'IMPRESSORA', 'MULTIFUNCIONAL', '', '', 'DCP-7065DN', '286', '', 'U62712A2N499603', '', '', 'LASER', 'IMPRESSORA'),
    	('0', '0', '0', '0', NULL, 0, '11', '2023-12-26 17:29:40', '-259', 'BROTHER', '', 'USO - SALA ADM', 'IMPRESSORA', 'MULTIFUNCIONAL', '', '', 'MFC J6935DW', '344', '', 'U64368M7F137960', '', '', 'JATO DE TINTA', 'IMPRESSORA'),
    	('0', '0', '0', '0', NULL, 0, '11', '2023-12-26 17:29:40', '-260', 'BROTHER', '', 'USO - SALA ADM', 'IMPRESSORA', 'MULTIFUNCIONAL', '', '', 'MFC L6702DW', '159', '', 'U64206C6N169152', '', '', 'LASER', 'IMPRESSORA'),
    	('0', '0', '0', '0', NULL, 0, '48', '2023-12-26 17:29:40', '-261', 'ZEBRA', '', '', 'IMPRESSORA', 'ETIQUETADORA', '', '', 'ZD220t', '464', '', 'D5N223202575', '', '', 'TÉRMICA', 'IMPRESSORA'),
    	('0', '0', '0', '0', NULL, 0, '78', '2023-12-26 17:29:40', '-262', 'CANON', '', 'USO - ESCRITÓRIO', 'IMPRESSORA', 'MULTIFUNCIONAL', '', '', 'PIXMA G610', '345', '', 'KNPG00098', '', '', 'JATO DE TINTA', 'IMPRESSORA'),
    	('0', '0', '0', '0', NULL, 0, '50', '2023-12-26 17:29:40', '-263', 'BROTHER', '', '', 'IMPRESSORA', 'MULTIFUNCIONAL', '', '', 'DCPL-5652DN', 'SEM', '', 'U64198K0N515540', '', '', 'LASER', 'IMPRESSORA');


	INSERT INTO devices (channels, cpu_generation, cpu_quantity, memory_slots, purchase_date, purchase_value, company_id, created_at, id,  brand, cpu_model, description, device_group, function, memory_size, memory_type, model, patrim, screen_size, serial, status, storage, technology, type) VALUES
    ('0', '0', '0', '0', NULL, 0, '3', '2023-12-26 17:29:40', '-264', 'HP', '', '', 'MONITOR', '', '', '', 'LA1905WG', 'SEM', '19', 'CNC1100KLX', '', '', '', 'MONITOR'),
    	('0', '0', '0', '0', NULL, 0, '7', '2023-12-26 17:29:40', '-265', 'SAMSUNG', '', '', 'MONITOR', '', '', '', 'B1940W', '303', '19', '0274HQAC502331E', '', '', '', 'MONITOR'),
    	('0', '0', '0', '0', NULL, 0, '11', '2023-12-26 17:29:40', '-266', 'AOC', '', '', 'MONITOR', '', '', '', 'E2270WN', 'SEM', '22', 'FMY3CIA002767', '', '', '', 'MONITOR'),
    	('0', '0', '0', '0', NULL, 0, '11', '2023-12-26 17:29:40', '-267', 'AOC', '', '', 'MONITOR', '', '', '', 'LE22H138', 'SEM', '22', 'L221AXA014084', '', '', '', 'MONITOR'),
    	('0', '0', '0', '0', NULL, 0, '24', '2023-12-26 17:29:40', '-268', 'AOC', '', '', 'MONITOR', '', '', '', 'LM522', '-', '15', 'T560KVXMKVAO9P', '', '', '', 'MONITOR'),
    	('0', '0', '0', '0', NULL, 0, '11', '2023-12-26 17:29:40', '-269', 'APEK', '', '', 'MONITOR', '', '', '', 'MAXPAD', 'SEM', '39', '391401078', '', '', '', 'MONITOR'),
    	('0', '0', '0', '0', NULL, 0, '78', '2023-12-26 17:29:40', '-270', 'APEK', '', '', 'MONITOR', '', '', '', 'MAXPAD', 'SEM', '39', '392401082', '', '', '', 'MONITOR'),
    	('0', '0', '0', '0', NULL, 0, '78', '2023-12-26 17:29:40', '-271', 'APEK', '', '', 'MONITOR', '', '', '', 'MAXPAD', 'SEM', '39', 'M0000002', '', '', '', 'MONITOR'),
    	('0', '0', '0', '0', NULL, 0, '11', '2023-12-26 17:29:40', '-272', 'DELL', '', '', 'MONITOR', '', '', '', '2208WFPT', '330', '22', 'CNOF532H7444389FAPGS', '', '', '', 'MONITOR'),
    	('0', '0', '0', '0', NULL, 0, '78', '2023-12-26 17:29:40', '-273', 'DELL', '', '', 'MONITOR', '', '', '', '2208WFPT', '331', '22', 'CNOF532H71618871BKBMA01', '', '', '', 'MONITOR'),
    	('0', '0', '0', '0', NULL, 0, '79', '2023-12-26 17:29:40', '-274', 'DELL', '', '', 'MONITOR', '', '', '', '2208WFPT', '332', '22', 'CNOF532H744438BDBE1L', '', '', '', 'MONITOR'),
    	('0', '0', '0', '0', NULL, 0, '11', '2023-12-26 17:29:40', '-275', 'DELL', '', '', 'MONITOR', '', '', '', '2208WFPT', '333', '22', 'CNOF532H744458CIC44L', '', '', '', 'MONITOR'),
    	('0', '0', '0', '0', NULL, 0, '78', '2023-12-26 17:29:40', '-276', 'DELL', '', '', 'MONITOR', '', '', '', '2208WFPT', '460', '22', 'CNOF532H71618871BKHMA01', '', '', '', 'MONITOR'),
    	('0', '0', '0', '0', NULL, 0, '24', '2023-12-26 17:29:40', '-277', 'DELL', '', '', 'MONITOR', '', '', '', 'E157FPC', '-', '15', 'CN-0FJ066-64180-6AH-021S', '', '', '', 'MONITOR'),
    	('0', '0', '0', '0', NULL, 0, '73', '2023-12-26 17:29:40', '-278', 'HP', '', '', 'MONITOR', '', '', '', 'V206hz', '59', '20', 'BRG34209Q4', '', '', '', 'MONITOR'),
    	('0', '0', '0', '0', NULL, 0, '73', '2023-12-26 17:29:40', '-279', 'HP', '', '', 'MONITOR', '', '', '', 'V206hz', '60', '20', 'BRG349022S', '', '', '', 'MONITOR'),
    	('0', '0', '0', '0', NULL, 0, '73', '2023-12-26 17:29:40', '-280', 'HP', '', '', 'MONITOR', '', '', '', 'V206hz', '62', '20', 'BRG506053J', '', '', '', 'MONITOR'),
    	('0', '0', '0', '0', NULL, 0, '73', '2023-12-26 17:29:40', '-281', 'HP', '', '', 'MONITOR', '', '', '', 'V206hz', '63', '20', 'BRG415039H', '', '', '', 'MONITOR'),
    	('0', '0', '0', '0', NULL, 0, '73', '2023-12-26 17:29:40', '-282', 'HP', '', '', 'MONITOR', '', '', '', 'V206hz', '64', '20', 'BRG51004K4', '', '', '', 'MONITOR'),
    	('0', '0', '0', '0', NULL, 0, '73', '2023-12-26 17:29:40', '-283', 'HP', '', '', 'MONITOR', '', '', '', 'V206hz', '67', '20', 'BRG44204TK', '', '', '', 'MONITOR'),
    	('0', '0', '0', '0', NULL, 0, '79', '2023-12-26 17:29:40', '-284', 'HP', '', '', 'MONITOR', '', '', '', 'V206hz', '68', '20', 'BRG3490217', '', '', '', 'MONITOR'),
    	('0', '0', '0', '0', NULL, 0, '11', '2023-12-26 17:29:40', '-285', 'HP', '', '', 'MONITOR', '', '', '', 'V206hz', '71', '20', 'BRG44204DB', '', '', '', 'MONITOR'),
    	('0', '0', '0', '0', NULL, 0, '73', '2023-12-26 17:29:40', '-286', 'HP', '', '', 'MONITOR', '', '', '', 'V206hz', '72', '20', 'BRG44309S9', '', '', '', 'MONITOR'),
    	('0', '0', '0', '0', NULL, 0, '73', '2023-12-26 17:29:40', '-287', 'HP', '', '', 'MONITOR', '', '', '', 'V206hz', '339', '20', 'BRG427076Y', '', '', '', 'MONITOR'),
    	('0', '0', '0', '0', NULL, 0, '11', '2023-12-26 17:29:40', '-288', 'HP', '', '', 'MONITOR', '', '', '', 'LA2205WG', '334', '22', '3CQ128P1RQ', '', '', '', 'MONITOR'),
    	('0', '0', '0', '0', NULL, 0, '11', '2023-12-26 17:29:40', '-289', 'HP', '', '', 'MONITOR', '', '', '', 'LA2205WG', '335', '22', '3CQ1040R60', '', '', '', 'MONITOR'),
    	('0', '0', '0', '0', NULL, 0, '11', '2023-12-26 17:29:40', '-290', 'HP', '', '', 'MONITOR', '', '', '', 'LA2205WG', '430', '22', '3CQ128NH17', '', '', '', 'MONITOR'),
    	('0', '0', '0', '0', NULL, 0, '11', '2023-12-26 17:29:40', '-291', 'HP', '', '', 'MONITOR', '', '', '', 'LA2205WG', '448', '22', '3CQ128NSCJ', '', '', '', 'MONITOR'),
    	('0', '0', '0', '0', NULL, 0, '11', '2023-12-26 17:29:40', '-292', 'HP', '', '', 'MONITOR', '', '', '', 'W2043SV', 'SEM', '20', 'BRG00905RG', '', '', '', 'MONITOR'),
    	('0', '0', '0', '0', NULL, 0, '1', '2023-12-26 17:29:40', '-293', 'LENOVO', '', '', 'MONITOR', '', '', '', 'LS1922WA', '187', '18.5', 'V3C1762', '', '', '', 'MONITOR'),
    	('0', '0', '0', '0', NULL, 0, '11', '2023-12-26 17:29:40', '-294', 'LG', '', '', 'MONITOR', '', '', '', '29WK500', 'SEM', '29', '011SPAE0D032', '', '', '', 'MONITOR'),
    	('0', '0', '0', '0', NULL, 0, '11', '2023-12-26 17:29:40', '-295', 'LG', '', '', 'MONITOR', '', '', '', '29WK500', 'SEM', '29', '011SPED0D100', '', '', '', 'MONITOR'),
    	('0', '0', '0', '0', NULL, 0, '11', '2023-12-26 17:29:40', '-296', 'LG', '', '', 'TV', '', '', '', '32LQ620BPSB.AWZKLJZ', 'SEM', '32', '208AZZX3C701', '', '', '', 'TV'),
    	('0', '0', '0', '0', NULL, 0, '11', '2023-12-26 17:29:40', '-297', 'LG', '', '', 'MONITOR', '', '', '', 'FLATRON M2550A', 'SEM', '25', '110AZQV7T460', '', '', '', 'MONITOR'),
    	('0', '0', '0', '0', NULL, 0, '11', '2023-12-26 17:29:40', '-298', 'LG', '', '', 'MONITOR', '', '', '', 'FLATRON W1946P-BF', '118', '18.5', '111SPSL0C382', '', '', '', 'MONITOR'),
    	('0', '0', '0', '0', NULL, 0, '11', '2023-12-26 17:29:40', '-299', 'LG', '', '', 'MONITOR', '', '', '', 'L1753TS', 'SEM', '17', '801SPPB45400', '', '', '', 'MONITOR'),
    	('0', '0', '0', '0', NULL, 0, '11', '2023-12-26 17:29:40', '-300', 'LG', '', '', 'MONITOR', '', '', '', 'W1752T-PF', 'SEM', '17', '8069PHGF4217', '', '', '', 'MONITOR'),
    	('0', '0', '0', '0', NULL, 0, '11', '2023-12-26 17:29:40', '-301', 'SAMSUNG', '', '', 'MONITOR', '', '', '', 'P2270HN', 'SEM', '22', 'ZOBV3XESB07009Z', '', '', '', 'MONITOR'),
    	('0', '0', '0', '0', NULL, 0, '11', '2023-12-26 17:29:40', '-302', 'SAMSUNG', '', '', 'MONITOR', '', '', '', 'S22A300B', '340', '22', 'Z1ACHXJB500092X', '', '', '', 'MONITOR'),
    	('0', '0', '0', '0', NULL, 0, '11', '2023-12-26 17:29:40', '-303', 'SAMSUNG', '', '', 'TV', '', '', '', 'UN40F5500AG', 'SEM', '40', 'Y1SP3XDD905319K', '', '', '', 'TV'),
    	('0', '0', '0', '0', NULL, 0, '1', '2023-12-26 17:29:40', '-304', 'DELL', '', '', 'MONITOR', '', '', '', 'D1901NC', '105', '18.5', 'BR-09VFM4-07591-182-00RC', '', '', '', 'MONITOR'),
    	('0', '0', '0', '0', NULL, 0, '1', '2023-12-26 17:29:40', '-305', 'DELL', '', '', 'MONITOR', '', '', '', 'D1901NC', '106', '18.5', 'BR-09VFM4-07591-18M-06AC', '', '', '', 'MONITOR'),
    	('0', '0', '0', '0', NULL, 0, '15', '2023-12-26 17:29:40', '-306', 'DELL', '', '', 'MONITOR', '', '', '', 'E1910C', '110', '19', 'BR-0X234R-07591-06T-09ZL', '', '', '', 'MONITOR'),
    	('0', '0', '0', '0', NULL, 0, '1', '2023-12-26 17:29:40', '-307', 'DELL', '', '', 'MONITOR', '', '', '', 'E1911C', '108', '19', 'S0000000001', '', '', '', 'MONITOR'),
    	('0', '0', '0', '0', NULL, 0, '1', '2023-12-26 17:29:40', '-308', 'DELL', '', '', 'MONITOR', '', '', '', 'E1911C', '112', '19', 'S0000000002', '', '', '', 'MONITOR'),
    	('0', '0', '0', '0', NULL, 0, '1', '2023-12-26 17:29:40', '-309', 'DELL', '', '', 'MONITOR', '', '', '', 'E1911C', '114', '19', 'S0000000003', '', '', '', 'MONITOR'),
    	('0', '0', '0', '0', NULL, 0, '1', '2023-12-26 17:29:40', '-310', 'DELL', '', '', 'MONITOR', '', '', '', 'E1911c', '124', '19', 'S0000000004', '', '', '', 'MONITOR'),
    	('0', '0', '0', '0', NULL, 0, '1', '2023-12-26 17:29:40', '-311', 'DELL', '', '', 'MONITOR', '', '', '', 'E1912HC', '143', '18.5', 'BR-0HDK1P-07591-36Q-3DBM', '', '', '', 'MONITOR'),
    	('0', '0', '0', '0', NULL, 0, '1', '2023-12-26 17:29:40', '-312', 'DELL', '', '', 'MONITOR', '', '', '', 'E1912HC', '145', '18.5', 'BR-0HDK1P-07591-2AQ-0SBM', '', '', '', 'MONITOR'),
    	('0', '0', '0', '0', NULL, 0, '1', '2023-12-26 17:29:40', '-313', 'DELL', '', '', 'MONITOR', '', '', '', 'E1912Hc', '147', '18.5', 'BR-0HDX1P-07591-36Q-01ZM', '', '', '', 'MONITOR'),
    	('0', '0', '0', '0', NULL, 0, '1', '2023-12-26 17:29:40', '-314', 'DELL', '', '', 'MONITOR', '', '', '', 'E1914HC', '142', '18.5', 'BR-0FCFPK-07591-39U-8APM', '', '', '', 'MONITOR'),
    	('0', '0', '0', '0', NULL, 0, '1', '2023-12-26 17:29:40', '-315', 'DELL', '', '', 'MONITOR', '', '', '', 'E1914HC', '171', '18.5', 'BR-0FCFPK-07591-57U-327M', '', '', '', 'MONITOR'),
    	('0', '0', '0', '0', NULL, 0, '1', '2023-12-26 17:29:40', '-316', 'DELL', '', '', 'MONITOR', '', '', '', 'E1914HC', '174', '18.5', 'BR-0FCFPK-07591-4AL-37LM', '', '', '', 'MONITOR'),
    	('0', '0', '0', '0', NULL, 0, '1', '2023-12-26 17:29:40', '-317', 'HP', '', '', 'MONITOR', '', '', '', 'V206hz', '18', '20', 'BRG2230209', '', '', '', 'MONITOR'),
    	('0', '0', '0', '0', NULL, 0, '1', '2023-12-26 17:29:40', '-318', 'LENOVO', '', '', 'MONITOR', '', '', '', 'D1960wA', '146', '18.5', 'VF91363', '', '', '', 'MONITOR'),
    	('0', '0', '0', '0', NULL, 0, '1', '2023-12-26 17:29:40', '-319', 'LG', '', '', 'MONITOR', '', '', '', '19EB13P-B', '122', '18.5', '405SPJP1B372', '', '', '', 'MONITOR'),
    	('0', '0', '0', '0', NULL, 0, '1', '2023-12-26 17:29:40', '-320', 'LG', '', '', 'MONITOR', '', '', '', 'FLATRON E1941C', '139', '18.5', '207SPKN0U685', '', '', '', 'MONITOR'),
    	('0', '0', '0', '0', NULL, 0, '1', '2023-12-26 17:29:40', '-321', 'LG', '', '', 'MONITOR', '', '', '', 'FLATRON E1941C', '141', '18.5', '207SPWQ0D569', '', '', '', 'MONITOR'),
    	('0', '0', '0', '0', NULL, 0, '1', '2023-12-26 17:29:40', '-322', 'LG', '', '', 'MONITOR', '', '', '', 'FLATRON W1946P-BF', '30', '18.5', '111SPGS08399', '', '', '', 'MONITOR'),
    	('0', '0', '0', '0', NULL, 0, '1', '2023-12-26 17:29:40', '-323', 'LG', '', '', 'MONITOR', '', '', '', 'FLATRON W1946P-BF', '116', '18.5', '111SPKN0C509', '', '', '', 'MONITOR'),
    	('0', '0', '0', '0', NULL, 0, '1', '2023-12-26 17:29:40', '-324', 'LG', '', '', 'MONITOR', '', '', '', 'W2043S', '130', '20', 'BRG03404H6', '', '', '', 'MONITOR'),
    	('0', '0', '0', '0', NULL, 0, '1', '2023-12-26 17:29:40', '-325', 'LG', '', '', 'MONITOR', '', '', '', 'W2043S', '132', '20', 'BRG953005S', '', '', '', 'MONITOR'),
    	('0', '0', '0', '0', NULL, 0, '1', '2023-12-26 17:29:40', '-326', 'LG', '', '', 'MONITOR', '', '', '', 'W2043S', '134', '20', 'BRG03404GV', '', '', '', 'MONITOR'),
    	('0', '0', '0', '0', NULL, 0, '1', '2023-12-26 17:29:40', '-327', 'LG', '', '', 'MONITOR', '', '', '', 'W2043S', '136', '20', 'BRG101011H', '', '', '', 'MONITOR'),
    	('0', '0', '0', '0', NULL, 0, '1', '2023-12-26 17:29:40', '-328', 'LG', '', '', 'MONITOR', '', '', '', 'W2043S', '203', '20', 'BRG1380V65', '', '', '', 'MONITOR'),
    	('0', '0', '0', '0', NULL, 0, '1', '2023-12-26 17:29:40', '-329', 'SAMSUNG', '', '', 'MONITOR', '', '', '', 'S19C300F', '338', '19', 'Y1TFHXFDA13268P', '', '', '', 'MONITOR'),
    	('0', '0', '0', '0', NULL, 0, '6', '2023-12-26 17:29:40', '-330', 'HP', '', '', 'MONITOR', '', '', '', 'V206hz', '2', '20', 'BRG3310085', '', '', '', 'MONITOR'),
    	('0', '0', '0', '0', NULL, 0, '6', '2023-12-26 17:29:40', '-331', 'HP', '', '', 'MONITOR', '', '', '', 'LE1901', '12', '19', '3CQ003349F', '', '', '', 'MONITOR'),
    	('0', '0', '0', '0', NULL, 0, '23', '2023-12-26 17:29:40', '-332', 'HP', '', '', 'MONITOR', '', '', '', 'V206hz', '4', '20', 'BRG4430CCJ', '', '', '', 'MONITOR'),
    	('0', '0', '0', '0', NULL, 0, '6', '2023-12-26 17:29:40', '-333', 'HP', '', '', 'MONITOR', '', '', '', 'V206hz', '6', '20', 'BRG4430B8Z', '', '', '', 'MONITOR'),
    	('0', '0', '0', '0', NULL, 0, '23', '2023-12-26 17:29:40', '-334', 'HP', '', '', 'MONITOR', '', '', '', 'V206hz', '8', '20', 'BRG4160CGN', '', '', '', 'MONITOR'),
    	('0', '0', '0', '0', NULL, 0, '23', '2023-12-26 17:29:40', '-335', 'HP', '', '', 'MONITOR', '', '', '', 'V206hz', '10', '20', 'BRG4370681', '', '', '', 'MONITOR'),
    	('0', '0', '0', '0', NULL, 0, '2', '2023-12-26 17:29:40', '-336', 'AOC', '', '', 'MONITOR', '', '', '', 'E1621SWB', '14', '16', 'CZG211A015201', '', '', '', 'MONITOR'),
    	('0', '0', '0', '0', NULL, 0, '2', '2023-12-26 17:29:40', '-337', 'AOC', '', '', 'MONITOR', '', '', '', 'E943FWSK', '266', '18.5', 'ABO221A001802', '', '', '', 'MONITOR'),
    	('0', '0', '0', '0', NULL, 0, '2', '2023-12-26 17:29:40', '-338', 'DELL', '', '', 'MONITOR', '', '', '', 'E157FPC', '268', '15', 'BR-0FJ067-70713-77I-1GWC', '', '', '', 'MONITOR'),
    	('0', '0', '0', '0', NULL, 0, '2', '2023-12-26 17:29:40', '-339', 'HP', '', '', 'MONITOR', '', '', '', 'W1907', '267', '19', 'BRC903R365', '', '', '', 'MONITOR'),
    	('0', '0', '0', '0', NULL, 0, '2', '2023-12-26 17:29:40', '-340', 'LG', '', '', 'MONITOR', '', '', '', 'FLATRON W1542S', '15', '15', '906SPTMJ4993', '', '', '', 'MONITOR'),
    	('0', '0', '0', '0', NULL, 0, '2', '2023-12-26 17:29:40', '-341', 'LG', '', '', 'MONITOR', '', '', '', 'FLATRON W1642C-PF', '264', '16', '001SPCX72459', '', '', '', 'MONITOR'),
    	('0', '0', '0', '0', NULL, 0, '2', '2023-12-26 17:29:40', '-342', 'V7', '', '', 'MONITOR', '', '', '', '712SA-V7', '265', '17', '3397CDA004909', '', '', '', 'MONITOR'),
    	('0', '0', '0', '0', NULL, 0, '47', '2023-12-26 17:29:40', '-343', 'DELL', '', '', 'MONITOR', '', '', '', 'E1911C', '449', '19', 'BR-0CN3X0-07591-22A-2W2M', '', '', '', 'MONITOR'),
    	('0', '0', '0', '0', NULL, 0, '47', '2023-12-26 17:29:40', '-344', 'DELL', '', '', 'MONITOR', '', '', '', 'E1911C', '450', '19', 'BR-0CN3X0-07591-1C5-077M', '', '', '', 'MONITOR'),
    	('0', '0', '0', '0', NULL, 0, '4', '2023-12-26 17:29:40', '-345', 'HP', '', '', 'MONITOR', '', '', '', 'V206HZ', '95', '20', 'BRG44204T9', '', '', '', 'MONITOR'),
    	('0', '0', '0', '0', NULL, 0, '4', '2023-12-26 17:29:40', '-346', 'LG', '', '', 'MONITOR', '', '', '', 'FLATRON E1941C', '140', '18.5', '206SPSL0V158', '', '', '', 'MONITOR'),
    	('0', '0', '0', '0', NULL, 0, '4', '2023-12-26 17:29:40', '-347', 'LG', '', '', 'MONITOR', '', '', '', 'FLATRON W1946P-BF', '120', '18.5', '111SPRW0A718', '', '', '', 'MONITOR'),
    	('0', '0', '0', '0', NULL, 0, '51', '2023-12-26 17:29:40', '-348', 'AOC', '', '', 'MONITOR', '', '', '', 'E2043FK', '86', '20', 'ABL241A000456', '', '', '', 'MONITOR'),
    	('0', '0', '0', '0', NULL, 0, '69', '2023-12-26 17:29:40', '-349', 'HP', '', '', 'MONITOR', '', '', '', 'LA2205WG', '274', '22', '3CQ1040R1M', '', '', '', 'MONITOR'),
    	('0', '0', '0', '0', NULL, 0, '71', '2023-12-26 17:29:40', '-350', 'HP', '', '', 'MONITOR', '', '', '', 'LA2205WG', '271', '22', '3CQ131NN47', '', '', '', 'MONITOR'),
    	('0', '0', '0', '0', NULL, 0, '11', '2023-12-26 17:29:40', '-351', 'HP', '', '', 'MONITOR', '', '', '', 'LA2205WG', '272', '22', '3CQ1011XBC', '', '', '', 'MONITOR'),
    	('0', '0', '0', '0', NULL, 0, '42', '2023-12-26 17:29:40', '-352', 'LG', '', '', 'MONITOR', '', '', '', 'FLATRON W1946P-BF', '69', '18.5', '111SPSL0B566', '', '', '', 'MONITOR'),
    	('0', '0', '0', '0', NULL, 0, '79', '2023-12-26 17:29:40', '-353', 'DELL', '', '', 'MONITOR', '', '', '', 'E1914HC', '166', '18.5', 'BR-0FCFPK-07591-4A8-03DM', '', '', '', 'MONITOR'),
    	('0', '0', '0', '0', NULL, 0, '79', '2023-12-26 17:29:40', '-354', 'DELL', '', '', 'MONITOR', '', '', '', 'E1914HC', '167', '18.5', 'BR-0FCFPK-07591-4AL-37QM', '', '', '', 'MONITOR'),
    	('0', '0', '0', '0', NULL, 0, '79', '2023-12-26 17:29:40', '-355', 'DELL', '', '', 'MONITOR', '', '', '', 'E1914HC', '168', '18.5', 'BR-0FCFPK-07591-4AL-37MM', '', '', '', 'MONITOR'),
    	('0', '0', '0', '0', NULL, 0, '79', '2023-12-26 17:29:40', '-356', 'DELL', '', '', 'MONITOR', '', '', '', 'E1914HC', '169', '18.5', 'BR-0FCFPK-07591-4A8-03EM', '', '', '', 'MONITOR'),
    	('0', '0', '0', '0', NULL, 0, '79', '2023-12-26 17:29:40', '-357', 'DELL', '', '', 'MONITOR', '', '', '', 'E1914HC', '170', '18.5', 'BR-0FCFPK-07591-4B3-26EM', '', '', '', 'MONITOR'),
    	('0', '0', '0', '0', NULL, 0, '79', '2023-12-26 17:29:40', '-358', 'DELL', '', '', 'MONITOR', '', '', '', 'E1914HC', '172', '18.5', 'BR-0FCFPK-07591-4AL-37RM', '', '', '', 'MONITOR'),
    	('0', '0', '0', '0', NULL, 0, '79', '2023-12-26 17:29:40', '-359', 'DELL', '', '', 'MONITOR', '', '', '', 'E1914HC', '173', '18.5', 'BR-0FCFPK-07591-4AR-2CSM', '', '', '', 'MONITOR'),
    	('0', '0', '0', '0', NULL, 0, '79', '2023-12-26 17:29:40', '-360', 'DELL', '', '', 'MONITOR', '', '', '', 'E1914HC', '175', '18.5', 'BR-0FCFPK-07591-4A8-035M', '', '', '', 'MONITOR'),
    	('0', '0', '0', '0', NULL, 0, '79', '2023-12-26 17:29:40', '-361', 'HP', '', '', 'MONITOR', '', '', '', 'V206hz', '210', '20', 'BRG4430B84', '', '', '', 'MONITOR'),
    	('0', '0', '0', '0', NULL, 0, '79', '2023-12-26 17:29:40', '-362', 'HP', '', '', 'MONITOR', '', '', '', 'L190HB', '57', '19', 'BRG00902HX', '', '', '', 'MONITOR'),
    	('0', '0', '0', '0', NULL, 0, '79', '2023-12-26 17:29:40', '-363', 'HP', '', '', 'MONITOR', '', '', '', 'L1945W', '263', '19', 'CNN8170XSF', '', '', '', 'MONITOR'),
    	('0', '0', '0', '0', NULL, 0, '79', '2023-12-26 17:29:40', '-364', 'HP', '', '', 'MONITOR', '', '', '', 'L200B', '81', '20', 'BRG1150M7H', '', '', '', 'MONITOR'),
    	('0', '0', '0', '0', NULL, 0, '79', '2023-12-26 17:29:40', '-365', 'LENOVO', '', '', 'MONITOR', '', '', '', 'L1940PWD', '293', '19', 'V6M1132', '', '', '', 'MONITOR'),
    	('0', '0', '0', '0', NULL, 0, '79', '2023-12-26 17:29:40', '-366', 'LENOVO', '', '', 'MONITOR', '', '', '', 'THINKVISION L197WA', '318', '19', 'V1ML678', '', '', '', 'MONITOR'),
    	('0', '0', '0', '0', NULL, 0, '79', '2023-12-26 17:29:40', '-367', 'LENOVO', '', '', 'MONITOR', '', '', '', 'THINKVISION L197WA', '319', '19', 'V1ML692', '', '', '', 'MONITOR'),
    	('0', '0', '0', '0', NULL, 0, '79', '2023-12-26 17:29:40', '-368', 'LENOVO', '', '', 'MONITOR', '', '', '', 'THINKVISION L197WA', '320', '19', 'V1ML669', '', '', '', 'MONITOR'),
    	('0', '0', '0', '0', NULL, 0, '43', '2023-12-26 17:29:40', '-369', 'LENOVO', '', '', 'MONITOR', '', '', '', 'THINKVISION L197WA', '321', '19', 'V1ML694', '', '', '', 'MONITOR'),
    	('0', '0', '0', '0', NULL, 0, '11', '2023-12-26 17:29:40', '-370', 'LENOVO', '', '', 'MONITOR', '', '', '', 'THINKVISION L197WA', '341', '19', 'V1DK950', '', '', '', 'MONITOR'),
    	('0', '0', '0', '0', NULL, 0, '79', '2023-12-26 17:29:40', '-371', 'LG', '', '', 'MONITOR', '', '', '', 'FLATRON 20M35PD-M', '56', '19.5', '710SPYR10714', '', '', '', 'MONITOR'),
    	('0', '0', '0', '0', NULL, 0, '79', '2023-12-26 17:29:40', '-372', 'LG', '', '', 'MONITOR', '', '', '', 'FLATRON W1946P-BF', '47', '18.5', '111SPED0C724', '', '', '', 'MONITOR'),
    	('0', '0', '0', '0', NULL, 0, '11', '2023-12-26 17:29:40', '-373', 'LG', '', '', 'MONITOR', '', '', '', 'FLATRON W1946P-BF', '46', '18.5', '109SPTM17937', '', '', '', 'MONITOR'),
    	('0', '0', '0', '0', NULL, 0, '79', '2023-12-26 17:29:40', '-374', 'LG', '', '', 'MONITOR', '', '', '', 'FLATRON W1946P-BF', '70', '18.5', '111SPVH0C711', '', '', '', 'MONITOR'),
    	('0', '0', '0', '0', NULL, 0, '82', '2023-12-26 17:29:40', '-375', 'HP', '', '', 'MONITOR', '', '', '', 'L200B', '50', '20', 'BRG00905RB', '', '', '', 'MONITOR'),
    	('0', '0', '0', '0', NULL, 0, '84', '2023-12-26 17:29:40', '-376', 'HP', '', '', 'MONITOR', '', '', '', 'LA2205WG', '90', '22', '3CQ1040R12', '', '', '', 'MONITOR'),
    	('0', '0', '0', '0', NULL, 0, '79', '2023-12-26 17:29:40', '-377', 'HP', '', '', 'MONITOR', '', '', '', 'V206HZ', '209', '20', 'BRG443078G', '', '', '', 'MONITOR'),
    	('0', '0', '0', '0', NULL, 0, '11', '2023-12-26 17:29:40', '-378', 'SAMSUNG', '', '', 'TV', '', '', '', 'M0000001', 'SEM', '65', 'MG46HCNSA00700', '', '', '', 'TV'),
    	('0', '0', '0', '0', NULL, 0, '79', '2023-12-26 17:29:40', '-379', 'AOC', '', '', 'MONITOR', '', '', '', 'e970Swnl', '477', '18.5', 'KCYH8XA041449', '', '', '', 'MONITOR'),
    	('0', '0', '0', '0', NULL, 0, '79', '2023-12-26 17:29:40', '-380', 'LG', '', '', 'MONITOR', '', '', '', 'FLATRON E1941C', '478', '18.5', '207SPKN2H181', '', '', '', 'MONITOR'),
    	('0', '0', '0', '0', NULL, 0, '79', '2023-12-26 17:29:40', '-381', 'LG', '', '', 'MONITOR', '', '', '', 'FLATRON E1941C', '479', '18.5', '3038PPB03544', '', '', '', 'MONITOR'),
    	('0', '0', '0', '0', NULL, 0, '79', '2023-12-26 17:29:40', '-382', 'LENOVO', '', '', 'MONITOR', '', '', '', 'LS1920wG', '480', '18.5', 'VB31753', '', '', '', 'MONITOR'),
    	('0', '0', '0', '0', NULL, 0, '43', '2023-12-26 17:29:40', '-383', 'ITAUTEC', '', '', 'MONITOR', '', '', '', 'E2011P-BNX.AITTPM', '482', '20', '4700156763627', '', '', '', 'MONITOR'),
    	('0', '0', '0', '0', NULL, 0, '43', '2023-12-26 17:29:40', '-384', 'LG', '', '', 'MONITOR', '', '', '', 'FLATRON 20M35PD-M', '483', '20', '612SPZK0E221', '', '', '', 'MONITOR'),
    	('0', '0', '0', '0', NULL, 0, '79', '2023-12-26 17:29:40', '-385', 'LG', '', '', 'MONITOR', '', '', '', 'FLATRON 20M37AA-B', '484', '20', '810SPNY0P751', '', '', '', 'MONITOR'),
    	('0', '0', '0', '0', NULL, 0, '43', '2023-12-26 17:29:40', '-386', 'SAMSUNG', '', '', 'MONITOR', '', '', '', 'LS19TWHSUVLZD', '485', '19', 'TW19HQCS801154D', '', '', '', 'MONITOR'),
    	('0', '0', '0', '0', NULL, 0, '11', '2023-12-26 17:29:40', '-387', 'SAMSUNG', '', '', 'MONITOR', '', '', '', 'S22A300B', '486', '22', '0216HQAC100243F', '', '', '', 'MONITOR'),
    	('0', '0', '0', '0', NULL, 0, '11', '2023-12-26 17:29:40', '-388', 'SAMSUNG', '', '', 'MONITOR', '', '', '', 'S22A300B', '487', '22', 'Z1ACHXJB700823T', '', '', '', 'MONITOR'),
    	('0', '0', '0', '0', NULL, 0, '11', '2023-12-26 17:29:40', '-389', 'SAMSUNG', '', '', 'MONITOR', '', '', '', 'S22A300B', '488', '22', '0216HQAB902228F', '', '', '', 'MONITOR'),
    	('0', '0', '0', '0', NULL, 0, '4', '2023-12-26 17:29:40', '-390', 'LG', '', '', 'MONITOR', '', '', '', 'FLATRON 20M35PD-M', '351', '20', '710SPKN10749', '', '', '', 'MONITOR'),
    	('0', '0', '0', '0', NULL, 0, '78', '2023-12-26 17:29:40', '-391', 'DELL', '', '', 'MONITOR', '', '', '', 'P2222H', '497', '22', 'BR-0VW2GP-TVB00-255-15QL-A00', '', '', '', 'MONITOR'),
    	('0', '0', '0', '0', NULL, 0, '78', '2023-12-26 17:29:40', '-392', 'DELL', '', '', 'MONITOR', '', '', '', 'P2222H', '498', '22', 'BR-0VW2GP-TVB00-255-1BFL-A00', '', '', '', 'MONITOR'),
    	('0', '0', '0', '0', NULL, 0, '8', '2023-12-26 17:29:40', '-393', 'LENOVO', '', '', 'MONITOR', '', '', '', 'E2003bA', '504', '19.5', 'VA065304', '', '', '', 'MONITOR'),
    	('0', '0', '0', '0', NULL, 0, '8', '2023-12-26 17:29:40', '-394', 'LENOVO', '', '', 'MONITOR', '', '', '', 'E2003bA', '505', '19.5', 'VA063948', '', '', '', 'MONITOR'),
    	('0', '0', '0', '0', NULL, 0, '8', '2023-12-26 17:29:40', '-395', 'LENOVO', '', '', 'MONITOR', '', '', '', 'E2003bA', '506', '19.5', 'VA055445', '', '', '', 'MONITOR'),
    	('0', '0', '0', '0', NULL, 0, '4', '2023-12-26 17:29:40', '-396', 'LENOVO', '', '', 'MONITOR', '', '', '', 'E2003bA', '507', '19.5', 'VA054803', '', '', '', 'MONITOR'),
    	('0', '0', '0', '0', NULL, 0, '4', '2023-12-26 17:29:40', '-397', 'LENOVO', '', '', 'MONITOR', '', '', '', 'E2003bA', '508', '19.5', 'VA054801', '', '', '', 'MONITOR'),
    	('0', '0', '0', '0', NULL, 0, '4', '2023-12-26 17:29:40', '-398', 'LENOVO', '', '', 'MONITOR', '', '', '', 'E2003bA', '509', '19.5', 'VA065280', '', '', '', 'MONITOR'),
    	('0', '0', '0', '0', NULL, 0, '84', '2023-12-26 17:29:40', '-399', 'HP', '', '', 'MONITOR', '', '', '', 'V206hz', '515', '20', 'BRG43706Q3', '', '', '', 'MONITOR'),
    	('0', '0', '0', '0', NULL, 0, '84', '2023-12-26 17:29:40', '-400', 'HP', '', '', 'MONITOR', '', '', '', 'V206hz', '518', '20', 'BRG4160BRS', '', '', '', 'MONITOR'),
    	('0', '0', '0', '0', NULL, 0, '84', '2023-12-26 17:29:40', '-401', 'HP', '', '', 'MONITOR', '', '', '', 'V206hz', '520', '20', 'BRG4160BW2', '', '', '', 'MONITOR'),
    	('0', '0', '0', '0', NULL, 0, '84', '2023-12-26 17:29:40', '-402', 'HP', '', '', 'MONITOR', '', '', '', 'V206hz', '521', '20', 'BRG44204T5', '', '', '', 'MONITOR'),
    	('0', '0', '0', '0', NULL, 0, '84', '2023-12-26 17:29:40', '-403', 'DELL', '', '', 'MONITOR', '', '', '', 'P2222H', '523', '22', 'BR-0VW2GP-TVB00-255-0V0L-A00', '', '', '', 'MONITOR'),
    	('0', '0', '0', '0', NULL, 0, '11', '2023-12-26 17:29:40', '-404', 'DELL', '', '', 'MONITOR', '', '', '', 'DELL', '540', '22', 'BR-0HJPT5-TVB00-87G-31BB-A03', '', '', '', 'MONITOR'),
    	('0', '0', '0', '0', NULL, 0, '79', '2023-12-26 17:29:40', '-405', 'LENOVO', '', '', 'MONITOR', '', '', '', 'E2003bA', '547', '20', 'VH067441', '', '', '', 'MONITOR'),
    	('0', '0', '0', '0', NULL, 0, '79', '2023-12-26 17:29:40', '-406', 'LENOVO', '', '', 'MONITOR', '', '', '', 'E2003bA', '548', '20', 'VH099685', '', '', '', 'MONITOR'),
    	('0', '0', '0', '0', NULL, 0, '11', '2023-12-26 17:29:40', '-407', 'AOC', '', '', 'MONITOR', '', '', '', 'e970Swnl', '550', '18.5', 'KCYH8XA041475', '', '', '', 'MONITOR'),
    	('0', '0', '0', '0', NULL, 0, '79', '2023-12-26 17:29:40', '-408', 'LENOVO', '', '', 'MONITOR', '', '', '', 'THINKVISION E2003bA', '552', '20', 'VH072075', '', '', '', 'MONITOR'),
    	('0', '0', '0', '0', NULL, 0, '79', '2023-12-26 17:29:40', '-409', 'LENOVO', '', '', 'MONITOR', '', '', '', 'THINKVISION E2003bA', '553', '20', 'VH063452', '', '', '', 'MONITOR');


	INSERT INTO devices (channels, cpu_generation, cpu_quantity, memory_slots, purchase_date, purchase_value, company_id, created_at, id,  brand, cpu_model, description, device_group, function, memory_size, memory_type, model, patrim, screen_size, serial, status, storage, technology, type) VALUES
    	('0', '6', '0', '2', NULL, 0, '85', '2023-12-26 17:29:40', '-410', 'DELL', 'I5', '', 'NOTEBOOK', '', '16GB', 'DDR4', 'LATITUDE E5470', '19', '14', 'DPJSVG2', '', 'SSD 240GB NVME', '', 'NOTEBOOK'),
    	('0', '6', '0', '2', NULL, 0, '85', '2023-12-26 17:29:40', '-411', 'DELL', 'I5', '', 'NOTEBOOK', '', '16GB', 'DDR4', 'LATITUDE E5470', '21', '14', 'DP5MVG2', '', 'SSD 240GB', '', 'NOTEBOOK'),
    	('0', '6', '0', '2', NULL, 0, '11', '2023-12-26 17:29:40', '-412', 'DELL', 'I5', 'ESTOQUE', 'NOTEBOOK', '', '16GB', 'DDR4', 'LATITUDE E5470', '24', '14', 'DP7LVG2', '', 'SSD 512GB', '', 'NOTEBOOK'),
    	('0', '6', '0', '2', NULL, 0, '39', '2023-12-26 17:29:40', '-413', 'DELL', 'I5', '', 'NOTEBOOK', '', '2X8GB', 'DDR4', 'LATITUDE E5470', '25', '14', 'DPLTVG2', '', 'SSD 240GB', '', 'NOTEBOOK'),
    	('0', '6', '0', '2', NULL, 0, '85', '2023-12-26 17:29:40', '-414', 'DELL', 'I5', '', 'NOTEBOOK', '', '8GB', 'DDR4', 'LATITUDE E5470', '26', '14', 'DPDNVG2', '', 'SSD 240GB', '', 'NOTEBOOK'),
    	('0', '6', '0', '2', NULL, 0, '85', '2023-12-26 17:29:40', '-415', 'DELL', 'I5', '', 'NOTEBOOK', '', '8GB', 'DDR4', 'LATITUDE E5470', '27', '14', '50LSHJ2', '', 'SSD 240GB', '', 'NOTEBOOK'),
    	('0', '6', '0', '2', NULL, 0, '76', '2023-12-26 17:29:40', '-416', 'DELL', 'I5', '', 'NOTEBOOK', '', '16GB', 'DDR4', 'LATITUDE E5470', '28', '14', 'DP1MVG2', '', 'SSD 240GB', '', 'NOTEBOOK'),
    	('0', '4', '0', '2', NULL, 0, '19', '2023-12-26 17:29:40', '-417', 'DELL', 'I5', 'NOTEBOOK REVISADO 05/2024', 'NOTEBOOK', '', '2X4GB', 'DDR3', 'LATITUDE E5440', '29', '14', 'HQMXMZ1', '', 'SSD 120GB', '', 'NOTEBOOK'),
    	('0', '6', '0', '2', NULL, 0, '76', '2023-12-26 17:29:40', '-418', 'DELL', 'I5', '', 'NOTEBOOK', '', '16GB', 'DDR4', 'LATITUDE E5470', '33', '14', 'DP3SVG2', '', 'SSD 240GB', '', 'NOTEBOOK'),
    	('0', '6', '0', '2', NULL, 0, '85', '2023-12-26 17:29:40', '-419', 'DELL', 'I5', '', 'NOTEBOOK', '', '16GB', 'DDR4', 'LATITUDE E5470', '34', '14', 'DPZNVG2', '', 'SSD 240GB NVME', '', 'NOTEBOOK'),
    	('0', '6', '0', '2', NULL, 0, '76', '2023-12-26 17:29:40', '-420', 'DELL', 'I5', '', 'NOTEBOOK', '', '16GB', 'DDR4', 'LATITUDE E5470', '38', '14', 'BTP5MD2', '', 'SSD 240GB', '', 'NOTEBOOK'),
    	('0', '6', '0', '2', NULL, 0, '76', '2023-12-26 17:29:40', '-421', 'DELL', 'I5', '', 'NOTEBOOK', '', '16GB', 'DDR4', 'LATITUDE E5470', '39', '14', 'DYG42H2', '', 'SSD 240GB', '', 'NOTEBOOK'),
    	('0', '6', '0', '2', NULL, 0, '68', '2023-12-26 17:29:40', '-422', 'DELL', 'I5', '', 'NOTEBOOK', '', '2X4GB', 'DDR3', 'LATITUDE 3470', '41', '14', '3Y0MHJ2', '', 'SSD 240GB', '', 'NOTEBOOK'),
    	('0', '6', '0', '2', NULL, 0, '11', '2023-12-26 17:29:40', '-423', 'DELL', 'I5', 'ESTOQUE - TROCAR TECLADO - S/ POINT STICK', 'NOTEBOOK', '', '1X4GB', 'DDR4', 'LATITUDE E5470', '55', '14', 'F5NNCK2', '', 'SSD 120GB', '', 'NOTEBOOK'),
    	('0', '6', '0', '2', NULL, 0, '11', '2023-12-26 17:29:40', '-424', 'DELL', 'I5', 'ESTOQUE', 'NOTEBOOK', '', '8GB', 'DDR3', 'LATITUDE 3470', '76', '14', '3ZFPHJ2', '', 'SSD 240GB', '', 'NOTEBOOK'),
    	('0', '4', '0', '2', NULL, 0, '25', '2023-12-26 17:29:40', '-425', 'HP', 'I5', 'TECLADO GASTO - BATERIA RUIM - S/ POINT STICK', 'NOTEBOOK', '', '2X4GB', 'DDR3', 'PROBOOK 640 G1', 'SEM', '14', 'BRJ506L83K', '', '0', '', 'NOTEBOOK'),
    	('0', '0', '0', '0', NULL, 0, '51', '2023-12-26 17:29:40', '-426', 'LENOVO', 'I5', '', 'NOTEBOOK', '', '8GB', 'DDR3', 'THINKPAD T410', '83', '14', 'BDY67 24/02', '', 'SSD 120GB', '', 'NOTEBOOK'),
    	('0', '0', '0', '0', NULL, 0, '75', '2023-12-26 17:29:40', '-427', 'LENOVO', 'I5', '', 'NOTEBOOK', '', '8GB', '', 'IDEAPAD B320-14IKB', '84', '14', 'PE03ESJ8', '', 'SSD 120GB', '', 'NOTEBOOK'),
    	('0', '6', '0', '2', NULL, 0, '11', '2023-12-26 17:29:40', '-428', 'DELL', 'I5', 'ESTOQUE', 'NOTEBOOK', '', '2X8GB', 'DDR3', 'LATITUDE 3470', '92', '14', '3XBPHJ2', '', 'SSD 240GB', '', 'NOTEBOOK'),
    	('0', '6', '0', '0', NULL, 0, '85', '2023-12-26 17:29:40', '-429', 'LENOVO', 'I7', '', 'NOTEBOOK', '', '1X8GB', 'DDR4', 'THINKPAD X1 CARBON', '101', '14', 'R90NDKT4', '', 'SSD 240GB NVME', '', 'NOTEBOOK'),
    	('0', '4', '0', '2', NULL, 0, '27', '2023-12-26 17:29:40', '-430', 'DELL', 'I5', '', 'NOTEBOOK', '', '2X4GB', 'DDR3', 'LATITUDE E5440', 'SEM', '14', 'G25BG22', '', 'SSD 120GB', '', 'NOTEBOOK'),
    	('0', '6', '0', '2', NULL, 0, '11', '2023-12-26 17:29:40', '-431', 'DELL', 'I5', 'ESTOQUE', 'NOTEBOOK', '', '2X8GB', 'DDR3', 'LATITUDE 3470', '157', '14', '3HHL2K2', '', 'SSD 240GB', '', 'NOTEBOOK'),
    	('0', '6', '0', '2', NULL, 0, '80', '2023-12-26 17:29:40', '-432', 'DELL', 'I5', '', 'NOTEBOOK', '', '16GB', 'DDR3', 'LATITUDE 3470', '158', '14', '3HWL2K2', '', 'SSD 240GB', '', 'NOTEBOOK'),
    	('0', '6', '0', '2', NULL, 0, '39', '2023-12-26 17:29:40', '-433', 'DELL', 'I5', '', 'NOTEBOOK', '', '1X16GB', 'DDR4', 'LATITUDE E5470', '182', '14', 'J0MV2J2', '', 'SSD 240GB NVME', '', 'NOTEBOOK'),
    	('0', '6', '0', '2', NULL, 0, '76', '2023-12-26 17:29:40', '-434', 'DELL', 'I5', 'TOUCH PAD RISCADO - BATERIA NOVA', 'NOTEBOOK', '', '2X8GB', 'DDR4', 'LATITUDE E5470', '184', '14', 'DPWRVG2', '', 'SSD 240GB', '', 'NOTEBOOK'),
    	('0', '6', '0', '0', NULL, 0, '11', '2023-12-26 17:29:40', '-435', 'LENOVO', 'I7', 'ESTOQUE - PROBLEMA NO TECLADO - PROBLEMA TECLAS "BACKSPACE/CTRL/ALT"', 'NOTEBOOK', '', '1X8GB', 'DDR4', 'THINKPAD X1 CARBON', '188', '14', 'R90L3ZV3', '', 'SSD 240GB NVME', '', 'NOTEBOOK'),
    	('0', '6', '0', '0', NULL, 0, '11', '2023-12-26 17:29:40', '-436', 'LENOVO', 'I7', 'ESTOQUE - PROBLEMA NO TECLADO/TELA - NÃO LIGA', 'NOTEBOOK', '', '1X8GB', 'DDR4', 'THINKPAD X1 CARBON', '189', '14', 'R90L3ZVZ', '', '0', '', 'NOTEBOOK'),
    	('0', '6', '0', '0', NULL, 0, '11', '2023-12-26 17:29:40', '-437', 'LENOVO', 'I7', 'ESTOQUE', 'NOTEBOOK', '', '1X8GB', 'DDR4', 'THINKPAD X1 CARBON', '190', '14', 'R90L3ZVG', '', 'SSD 240GB NVME', '', 'NOTEBOOK'),
    	('0', '6', '0', '0', NULL, 0, '85', '2023-12-26 17:29:40', '-438', 'LENOVO', 'I7', 'ENVIADO EM 15/05/2024 - JULIANA MENDES', 'NOTEBOOK', '', '1X8GB', 'DDR4', 'THINKPAD X1 CARBON', '200', '14', 'R90NDKTR', '', 'SSD 240GB NVME', '', 'NOTEBOOK'),
    	('0', '6', '0', '2', NULL, 0, '11', '2023-12-26 17:29:40', '-439', 'DELL', 'I5', 'ESTOQUE', 'NOTEBOOK', '', '8GB', 'DDR3', 'LATITUDE 3470', '201', '14', '3R1R2K2', '', 'SSD 240GB', '', 'NOTEBOOK'),
    	('0', '6', '0', '0', NULL, 0, '11', '2023-12-26 17:29:40', '-440', 'LENOVO', 'I7', 'ESTOQUE', 'NOTEBOOK', '', '1X8GB', 'DDR4', 'THINKPAD X1 CARBON', '474', '14', 'R90NDKTW', '', 'SSD 240GB NVME', '', 'NOTEBOOK'),
    	('0', '6', '0', '0', NULL, 0, '11', '2023-12-26 17:29:40', '-441', 'LENOVO', 'I7', 'ESTOQUE', 'NOTEBOOK', '', '1X8GB', 'DDR4', 'THINKPAD X1 CARBON', '206', '14', 'R90NDKS9', '', 'SSD 240GB NVME', '', 'NOTEBOOK'),
    	('0', '6', '0', '2', NULL, 0, '83', '2023-12-26 17:29:40', '-442', 'DELL', 'I5', '', 'NOTEBOOK', '', '2X8GB', 'DDR3', 'LATITUDE 3470', '207', '14', '3Y6KHJ2', '', 'SSD 240GB', '', 'NOTEBOOK'),
    	('0', '6', '0', '2', NULL, 0, '11', '2023-12-26 17:29:40', '-443', 'DELL', 'I5', 'ESTOQUE', 'NOTEBOOK', '', '8GB', 'DDR3', 'LATITUDE 3470', '213', '14', '3YBRHJ2', '', 'SSD 240GB', '', 'NOTEBOOK'),
    	('0', '6', '0', '2', NULL, 0, '85', '2023-12-26 17:29:40', '-444', 'DELL', 'I5', '', 'NOTEBOOK', '', '8GB', 'DDR3', 'LATITUDE 3470', '214', '14', '3YCTHJ2', '', 'SSD 240GB', '', 'NOTEBOOK'),
    	('0', '6', '0', '0', NULL, 0, '11', '2023-12-26 17:29:40', '-445', 'LENOVO', 'I7', 'ESTOQUE', 'NOTEBOOK', '', '1X8GB', 'DDR4', 'THINKPAD X1 CARBON', '215', '14', 'R90NDKS6', '', 'SSD 240GB NVME', '', 'NOTEBOOK'),
    	('0', '0', '0', '0', NULL, 0, '51', '2023-12-26 17:29:40', '-446', 'HP', 'A8', '', 'NOTEBOOK', '', '8GB', '', 'ELITEBOOK 745 G2', '216', '14', 'BRJ532W7G1', '', 'SSD 120GB', '', 'NOTEBOOK'),
    	('0', '6', '0', '0', NULL, 0, '11', '2023-12-26 17:29:40', '-447', 'LENOVO', 'I7', 'ESTOQUE - BATERIA OK - PROBLEMA NAS TECLAS', 'NOTEBOOK', '', '1X8GB', 'DDR4', 'THINKPAD X1 CARBON', '218', '14', 'R90NDKS3', '', 'SSD 240GB NVME', '', 'NOTEBOOK'),
    	('0', '6', '0', '0', NULL, 0, '11', '2023-12-26 17:29:40', '-448', 'LENOVO', 'I7', 'ESTOQUE', 'NOTEBOOK', '', '1X8GB', 'DDR4', 'THINKPAD X1 CARBON', '219', '14', 'R90NDKTV', '', 'SSD 240GB NVME', '', 'NOTEBOOK'),
    	('0', '6', '0', '0', NULL, 0, '11', '2023-12-26 17:29:40', '-449', 'LENOVO', 'I7', 'USO - ESTAGIARIO', 'NOTEBOOK', '', '1X8GB', 'DDR4', 'THINKPAD X1 CARBON', '220', '14', 'R90L3ZVU', '', 'SSD 240GB NVME', '', 'NOTEBOOK'),
    	('0', '6', '0', '0', NULL, 0, '85', '2023-12-26 17:29:40', '-450', 'LENOVO', 'I7', 'ENVIADO E REVISADO EM 08/2024 PARA MAYARA AVILA CAMANHO', 'NOTEBOOK', '', '1X8GB', 'DDR4', 'THINKPAD X1 CARBON', '230', '14', 'R90NDKS5', '', 'SSD 240GB NVME', '', 'NOTEBOOK'),
    	('0', '6', '0', '0', NULL, 0, '11', '2023-12-26 17:29:40', '-451', 'LENOVO', 'I7', 'ESTOQUE', 'NOTEBOOK', '', '1X8GB', 'DDR4', 'THINKPAD X1 CARBON', '222', '14', 'R90L3ZV2', '', 'SSD 240GB NVME', '', 'NOTEBOOK'),
    	('0', '6', '0', '0', NULL, 0, '80', '2023-12-26 17:29:40', '-452', 'LENOVO', 'I7', '', 'NOTEBOOK', '', '1X8GB', 'DDR4', 'THINKPAD X1 CARBON', '223', '14', 'R90L3ZV5', '', 'SSD 240GB NVME', '', 'NOTEBOOK'),
    	('0', '6', '0', '0', NULL, 0, '74', '2023-12-26 17:29:40', '-453', 'LENOVO', 'I7', '', 'NOTEBOOK', '', '1X8GB', 'DDR4', 'THINKPAD X1 CARBON', '224', '14', 'R90L3ZV0', '', 'SSD 240GB NVME', '', 'NOTEBOOK'),
    	('0', '6', '0', '0', NULL, 0, '11', '2023-12-26 17:29:40', '-454', 'LENOVO', 'I7', 'ESTOQUE', 'NOTEBOOK', '', '1X8GB', 'DDR4', 'THINKPAD X1 CARBON', '225', '14', 'R90NDKSH', '', 'SSD 240GB NVME', '', 'NOTEBOOK'),
    	('0', '6', '0', '0', NULL, 0, '84', '2023-12-26 17:29:40', '-455', 'LENOVO', 'I7', 'NOTEBOOK REVISADO 05/2024', 'NOTEBOOK', '', '1X8GB', 'DDR4', 'THINKPAD X1 CARBON', '226', '14', 'R90NDKU3', '', 'SSD 240GB NVME', '', 'NOTEBOOK'),
    	('0', '6', '0', '0', NULL, 0, '74', '2023-12-26 17:29:40', '-456', 'LENOVO', 'I7', '', 'NOTEBOOK', '', '1X8GB', 'DDR4', 'THINKPAD X1 CARBON', '227', '14', 'R90NDKT0', '', 'SSD 240GB NVME', '', 'NOTEBOOK'),
    	('0', '6', '0', '0', NULL, 0, '10', '2023-12-26 17:29:40', '-457', 'LENOVO', 'I7', 'ENVIADO EM 18/10/2024', 'NOTEBOOK', '', '1X8GB', 'DDR4', 'THINKPAD X1 CARBON', '228', '14', 'R90NDKTE', '', 'SSD 240GB NVME', '', 'NOTEBOOK'),
    	('0', '6', '0', '0', NULL, 0, '10', '2023-12-26 17:29:40', '-458', 'LENOVO', 'I7', 'ENVIADO DIA 10/10/24 PARA LEANDRO LEIRIÃO - SUBSTITUIÇÃO PELO PATRIM. 238', 'NOTEBOOK', '', '1X8GB', 'DDR4', 'THINKPAD X1 CARBON', '229', '14', 'R90L3ZWQ', '', 'SSD 240GB NVME', '', 'NOTEBOOK'),
    	('0', '6', '0', '0', NULL, 0, '84', '2023-12-26 17:29:40', '-459', 'LENOVO', 'I7', '', 'NOTEBOOK', '', '1X8GB', 'DDR4', 'THINKPAD X1 CARBON', '221', '14', 'R90L3ZWR', '', 'SSD 240GB NVME', '', 'NOTEBOOK'),
    	('0', '6', '0', '0', NULL, 0, '11', '2023-12-26 17:29:40', '-460', 'LENOVO', 'I7', 'ESTOQUE', 'NOTEBOOK', '', '1X8GB', 'DDR4', 'THINKPAD X1 CARBON', '236', '14', 'R90NDKST', '', 'SSD 500GB NVME', '', 'NOTEBOOK'),
    	('0', '6', '0', '0', NULL, 0, '11', '2023-12-26 17:29:40', '-461', 'LENOVO', 'I7', 'VOLTOU PARA ESTOQUE - FOI SUBSTITUIDO POR PATR. 229', 'NOTEBOOK', '', '8gb', 'DDR4', 'THINKPAD X1 CARBON', '238', '14', 'R90NDKS8', '', 'SSD 240GB NVME', '', 'NOTEBOOK'),
    	('0', '6', '0', '2', NULL, 0, '2', '2023-12-26 17:29:40', '-462', 'DELL', 'I5', '', 'NOTEBOOK', '', '1X8GB', 'DDR3', 'LATITUDE 3470', '239', '14', '3XSSHJ2', '', 'SSD 240GB', '', 'NOTEBOOK'),
    	('0', '6', '0', '0', NULL, 0, '38', '2023-12-26 17:29:40', '-463', 'LENOVO', 'I7', '', 'NOTEBOOK', '', '1X8GB', 'DDR4', 'THINKPAD X1 CARBON', '240', '14', 'R90L3ZVJ', '', 'SSD 240GB NVME', '', 'NOTEBOOK'),
    	('0', '4', '0', '2', NULL, 0, '19', '2023-12-26 17:29:40', '-464', 'DELL', 'I5', 'NOTEBOOK REVISADO 05/2024', 'NOTEBOOK', '', '2X4GB', 'DDR3', 'LATITUDE E5440', '241', '14', 'BRSH342', '', 'SSD 240GB', '', 'NOTEBOOK'),
    	('0', '4', '0', '2', NULL, 0, '9', '2023-12-26 17:29:40', '-465', 'HP', 'I5', 'BATERIA RUIM', 'NOTEBOOK', '', '2X4GB', 'DDR3', 'PROBOOK 640 G1', '514', '14', 'BRJ450G267', '', 'SSD 240GB', '', 'NOTEBOOK'),
    	('0', '6', '0', '0', NULL, 0, '85', '2023-12-26 17:29:40', '-466', 'LENOVO', 'I7', '', 'NOTEBOOK', '', '1X8GB', 'DDR4', 'THINKPAD X1 CARBON', '243', '14', 'R90NGUQG', '', 'SSD 240GB NVME', '', 'NOTEBOOK'),
    	('0', '4', '0', '2', NULL, 0, '1', '2023-12-26 17:29:40', '-467', 'HP', 'I5', 'TECLADO DESGASTADO', 'NOTEBOOK', '', '8GB', 'DDR3', 'PROBOOK 640 G1', '244', '14', 'BRJ506L7LP', '', 'SSD 120GB', '', 'NOTEBOOK'),
    	('0', '4', '0', '2', NULL, 0, '11', '2023-12-26 17:29:40', '-468', 'HP', 'I5', 'ESTOQUE - BATERIA RUIM', 'NOTEBOOK', '', '2X4GB', 'DDR3', 'PROBOOK 640 G1', '245', '14', 'BRJ424C323', '', '0', '', 'NOTEBOOK'),
    	('0', '6', '0', '2', NULL, 0, '11', '2023-12-26 17:29:40', '-469', 'DELL', 'I5', 'ESTOQUE', 'NOTEBOOK', '', '8GB', 'DDR3', 'LATITUDE 3470', '246', '14', 'CSCPCK2', '', 'SSD 240GB', '', 'NOTEBOOK'),
    	('0', '6', '0', '2', NULL, 0, '85', '2023-12-26 17:29:40', '-470', 'DELL', 'I5', '', 'NOTEBOOK', '', '2X8GB', 'DDR3', 'LATITUDE 3470', '247', '14', '3XQMHJ2', '', 'SSD 240GB', '', 'NOTEBOOK'),
    	('0', '6', '0', '2', NULL, 0, '11', '2023-12-26 17:29:40', '-471', 'DELL', 'I5', 'ESTOQUE', 'NOTEBOOK', '', '2X8GB', 'DDR3', 'LATITUDE 3470', '249', '14', '3XZPHJ2', '', 'SSD 240GB', '', 'NOTEBOOK'),
    	('0', '6', '0', '2', NULL, 0, '85', '2023-12-26 17:29:40', '-472', 'DELL', 'I5', '', 'NOTEBOOK', '', '2X8GB', 'DDR3', 'LATITUDE 3470', '490', '14', '3XGMHJ2', '', 'SSD 240GB', '', 'NOTEBOOK'),
    	('0', '6', '0', '2', NULL, 0, '11', '2023-12-26 17:29:40', '-473', 'DELL', 'I5', 'ESTOQUE', 'NOTEBOOK', '', '8GB', 'DDR3', 'LATITUDE 3470', '251', '14', '3Q9R2K2', '', 'SSD 240GB', '', 'NOTEBOOK'),
    	('0', '6', '0', '2', NULL, 0, '41', '2023-12-26 17:29:40', '-474', 'DELL', 'I5', 'ENVIADO PARA CDT CAMPINAS SUL EM 25/11/2024 - Lara Kelly Oliveira Rodrigues', 'NOTEBOOK', '', '2X8GB', 'DDR3', 'LATITUDE 3470', '252', '14', '401PHJ2', '', 'SSD 240GB', '', 'NOTEBOOK'),
    	('0', '6', '0', '2', NULL, 0, '83', '2023-12-26 17:29:40', '-475', 'DELL', 'I5', '', 'NOTEBOOK', '', '8GB', 'DDR3', 'LATITUDE 3470', '253', '14', 'DDXMCK2', '', 'SSD 240GB', '', 'NOTEBOOK'),
    	('0', '6', '0', '2', NULL, 0, '39', '2023-12-26 17:29:40', '-476', 'DELL', 'I5', '', 'NOTEBOOK', '', '2X8GB', 'DDR3', 'LATITUDE 3470', '257', '14', '3ZXLHJ2', '', 'SSD 240GB', '', 'NOTEBOOK'),
    	('0', '6', '0', '2', NULL, 0, '1', '2023-12-26 17:29:40', '-477', 'DELL', 'I5', 'MANCHA DE ADESIVO', 'NOTEBOOK', '', '2X4GB', 'DDR3', 'LATITUDE 3470', '269', '14', '3QDP2K2', '', 'SSD 240GB', '', 'NOTEBOOK'),
    	('0', '6', '0', '2', NULL, 0, '51', '2023-12-26 17:29:40', '-478', 'DELL', 'I5', '', 'NOTEBOOK', '', '8GB', 'DDR3', 'LATITUDE 3470', '277', '14', '3J7R2K2', '', 'SSD 240GB', '', 'NOTEBOOK'),
    	('0', '6', '0', '2', NULL, 0, '79', '2023-12-26 17:29:40', '-479', 'DELL', 'I5', 'TECLADO DESGASTADO - TAMPA RISCADA', 'NOTEBOOK', '', '2X4GB', 'DDR3', 'LATITUDE 3470', '279', '14', '3QSQ2K2', '', 'SSD 240GB', '', 'NOTEBOOK'),
    	('0', '6', '0', '0', NULL, 0, '11', '2023-12-26 17:29:40', '-480', 'LENOVO', 'I7', '', 'NOTEBOOK', '', '1X8GB', 'DDR4', 'THINKPAD X1 CARBON', '280', '14', 'R90L3ZW5', '', 'SSD 240GB NVME', '', 'NOTEBOOK'),
    	('0', '3', '0', '2', NULL, 0, '66', '2023-12-26 17:29:40', '-481', 'LENOVO', 'I5', '', 'NOTEBOOK', '', '1X4GB + 1X2GB', 'DDR3', 'THINKPAD T430', '283', '14', 'L1CAX7Y', '', 'SSD 120GB', '', 'NOTEBOOK'),
    	('0', '6', '0', '2', NULL, 0, '11', '2023-12-26 17:29:40', '-482', 'DELL', 'I5', 'ESTOQUE', 'NOTEBOOK', '', '8GB', 'DDR3', 'LATITUDE 3470', '287', '14', '3XLPHJ2', '', 'SSD 240GB', '', 'NOTEBOOK'),
    	('0', '4', '0', '2', NULL, 0, '86', '2023-12-26 17:29:40', '-483', 'HP', 'I5', '', 'NOTEBOOK', '', '8GB', 'DDR3', 'PROBOOK 640 G1', '288', '14', 'BRJ450G2R3', '', 'SSD 120GB', '', 'NOTEBOOK'),
    	('0', '3', '0', '2', NULL, 0, '84', '2023-12-26 17:29:40', '-484', 'LENOVO', 'I5', '', 'NOTEBOOK', '', '1X4GB + 1X2GB', 'DDR3', 'THINKPAD T430', '290', '14', 'L1CAX7P', '', 'SSD 120GB', '', 'NOTEBOOK'),
    	('0', '3', '0', '2', NULL, 0, '43', '2023-12-26 17:29:40', '-485', 'LENOVO', 'I5', 'TROCADO POR PATRIM. 535', 'NOTEBOOK', '', '8GB', 'DDR3', 'THINKPAD T430', '294', '14', 'L1CAX03', '', 'SSD 240GB', '', 'NOTEBOOK'),
    	('0', '6', '0', '2', NULL, 0, '11', '2023-12-26 17:29:40', '-486', 'DELL', 'I5', 'ESTOQUE', 'NOTEBOOK', '', '8GB', 'DDR3', 'LATITUDE 3470', '295', '14', '510BCD2', '', 'SSD 240GB', '', 'NOTEBOOK'),
    	('0', '3', '0', '2', NULL, 0, '65', '2023-12-26 17:29:40', '-487', 'LENOVO', 'I5', '', 'NOTEBOOK', '', '1X4GB + 1X2GB', 'DDR3', 'THINKPAD T430', '296', '14', 'L1CAX6B', '', 'SSD 240GB', '', 'NOTEBOOK'),
    	('0', '3', '0', '2', NULL, 0, '84', '2023-12-26 17:29:40', '-488', 'LENOVO', 'I5', 'REVISADO E ENVIADO EM 08/08/2024 - MARCELO', 'NOTEBOOK', '', '1X4GB + 1X2GB', 'DDR3', 'THINKPAD T430', '297', '14', 'PEDN256', '', 'SSD 240GB', '', 'NOTEBOOK'),
    	('0', '4', '0', '2', NULL, 0, '86', '2023-12-26 17:29:40', '-489', 'HP', 'I5', '', 'NOTEBOOK', '', '8GB', 'DDR3', 'PROBOOK 640 G1', '299', '14', 'BRJ448DVK0', '', 'SSD 120GB', '', 'NOTEBOOK'),
    	('0', '0', '0', '0', NULL, 0, '51', '2023-12-26 17:29:40', '-490', 'LENOVO', 'I5', 'BATERIA RUIM', 'NOTEBOOK', '', '8GB', '', 'THINKPAD T410', '304', '', 'L1BD7C8', '', 'SSD 120GB', '', 'NOTEBOOK'),
    	('0', '6', '0', '2', NULL, 0, '11', '2023-12-26 17:29:40', '-491', 'DELL', 'I5', 'ESTOQUE', 'NOTEBOOK', '', '8GB', 'DDR3', 'LATITUDE 3470', '306', '14', '3Y3QHJ2', '', 'SSD 120GB', '', 'NOTEBOOK'),
    	('0', '0', '0', '0', NULL, 0, '78', '2023-12-26 17:29:40', '-492', 'DELL', 'I5', '', 'NOTEBOOK', '', '8GB', '', 'LATITUDE E7440', '311', '', 'JT2PF22', '', 'SSD 240GB', '', 'NOTEBOOK'),
    	('0', '0', '0', '0', NULL, 0, '78', '2023-12-26 17:29:40', '-493', 'DELL', 'I5', '', 'NOTEBOOK', '', '8GB', '', 'INSPIRON 15 3576', '312', '', '2K8KDQ2', '', 'SSD 240GB', '', 'NOTEBOOK'),
    	('0', '4', '0', '2', NULL, 0, '86', '2023-12-26 17:29:40', '-494', 'HP', 'I5', '', 'NOTEBOOK', '', '8GB', 'DDR3', 'PROBOOK 640 G1', '322', '14', 'BRJ4427VRZ', '', 'SSD 120GB', '', 'NOTEBOOK'),
    	('0', '4', '0', '2', NULL, 0, '86', '2023-12-26 17:29:40', '-495', 'HP', 'I5', '', 'NOTEBOOK', '', '8GB', 'DDR3', 'PROBOOK 640 G1', '323', '14', 'BRJ506L8BK', '', 'SSD 120GB', '', 'NOTEBOOK'),
    	('0', '4', '0', '2', NULL, 0, '1', '2023-12-26 17:29:40', '-496', 'HP', 'I5', 'DESGASTE/AMAÇADO NA CARCAÇA E NO BOTÃO DIREITO DO MOUSEPAD', 'NOTEBOOK', '', '8GB', 'DDR3', 'PROBOOK 640 G1', '325', '14', 'BRJ446BY0V', '', 'SSD 120GB', '', 'NOTEBOOK'),
    	('0', '4', '0', '2', NULL, 0, '1', '2023-12-26 17:29:40', '-497', 'HP', 'I5', 'DESGASTE NOS CANTOS DA CARCAÇA', 'NOTEBOOK', '', '8GB', 'DDR3', 'PROBOOK 640 G1', '327', '14', 'BRJ424C31F', '', 'SSD 120GB', '', 'NOTEBOOK'),
    	('0', '5', '0', '2', NULL, 0, '43', '2023-12-26 17:29:40', '-498', 'HP', 'I5', 'BATERIA NOVA', 'NOTEBOOK', '', '2X4GB', 'DDR3', 'ELITEBOOK 840 G2', '328', '14', 'BRJ6061GBG', '', 'SSD 120GB', '', 'NOTEBOOK'),
    	('0', '5', '0', '2', NULL, 0, '43', '2023-12-26 17:29:40', '-499', 'HP', 'I5', 'BATERIA NOVA - BORDA DIREITA LASCADA', 'NOTEBOOK', '', '2X4GB', 'DDR3', 'ELITEBOOK 840 G2', '425', '14', 'BRJ616449F', '', 'SSD 120GB', '', 'NOTEBOOK'),
    	('0', '8', '0', '2', NULL, 0, '79', '2023-12-26 17:29:40', '-500', 'DELL', 'I5', 'SOM ESTOURADO', 'NOTEBOOK', '', '2X8GB', 'DDR4', 'LATITUDE 7490', '427', '14', 'BS3KSY2', '', 'SSD 240GB NVME', '', 'NOTEBOOK'),
    	('0', '8', '0', '2', NULL, 0, '85', '2023-12-26 17:29:40', '-501', 'DELL', 'I5', '', 'NOTEBOOK', '', '8GB', 'DDR4', 'LATITUDE 7490', '428', '14', '6SBGSY2', '', 'SSD 240GB NVME', '', 'NOTEBOOK'),
    	('0', '4', '0', '2', NULL, 0, '67', '2023-12-26 17:29:40', '-502', 'DELL', 'I5', '', 'NOTEBOOK', '', '2X4GB', 'DDR3', 'LATITUDE E5440', '429', '14', '7WMNF22', '', 'SSD 120GB', '', 'NOTEBOOK'),
    	('0', '0', '0', '0', NULL, 0, '11', '2023-12-26 17:29:40', '-503', 'DELL', 'I5', 'ESTOQUE', 'NOTEBOOK', '', '8GB', '', 'LATITUDE E6410', '441', '', 'CJ9S1P1', '', 'SSD 120GB', '', 'NOTEBOOK'),
    	('0', '4', '0', '2', NULL, 0, '19', '2023-12-26 17:29:40', '-504', 'DELL', 'I5', 'NOTEBOOK REVISADO 05/2024', 'NOTEBOOK', '', '2X4GB', 'DDR3', 'LATITUDE E5440', '442', '14', 'CVSH342', '', 'SSD 240GB', '', 'NOTEBOOK'),
    	('0', '6', '0', '2', NULL, 0, '47', '2023-12-26 17:29:40', '-505', 'DELL', 'I5', '', 'NOTEBOOK', '', '8GB', 'DDR3', 'LATITUDE 3470', '443', '14', '3Y5LHJ2', '', 'SSD 240GB', '', 'NOTEBOOK'),
    	('0', '0', '0', '0', NULL, 0, '84', '2023-12-26 17:29:40', '-506', 'HP', 'I5', 'REVISADO EM 30/06/2023', 'NOTEBOOK', '', '2X4GB', 'DDR3', 'ELITEBOOK 8440W', '444', '', 'BRG114F3F2', '', 'SSD 240GB', '', 'NOTEBOOK'),
    	('0', '6', '0', '2', NULL, 0, '85', '2023-12-26 17:29:40', '-507', 'DELL', 'I5', '', 'NOTEBOOK', '', '1X16GB', 'DDR4', 'LATITUDE E5470', '445', '14', '7DZKCK2', '', 'SSD 240GB', '', 'NOTEBOOK'),
    	('0', '6', '0', '2', NULL, 0, '1', '2023-12-26 17:29:40', '-508', 'DELL', 'I5', 'TECLADO DESGASTADO', 'NOTEBOOK', '', '2X4GB', 'DDR3', 'LATITUDE 3470', '446', '14', '3Z7RHJ2', '', 'SSD 240GB', '', 'NOTEBOOK'),
    	('0', '6', '0', '2', NULL, 0, '83', '2023-12-26 17:29:40', '-509', 'DELL', 'I5', '', 'NOTEBOOK', '', '8GB', 'DDR3', 'LATITUDE 3470', '447', '14', '3HBS2K2', '', 'SSD ', '', 'NOTEBOOK'),
    	('0', '6', '0', '2', NULL, 0, '11', '2023-12-26 17:29:40', '-510', 'DELL', 'I5', 'ESTOQUE - TOUCH PAD RISCADO', 'NOTEBOOK', '', '2X4GB', 'DDR4', 'LATITUDE E5470', '451', '14', 'DPBKVG2', '', 'SSD 240GB', '', 'NOTEBOOK'),
    	('0', '4', '0', '2', NULL, 0, '51', '2023-12-26 17:29:40', '-511', 'HP', 'I5', '', 'NOTEBOOK', '', '8GB', 'DDR3', 'PROBOOK 640 G1', '452', '14', 'BRJ506L881', '', 'SSD 120GB', '', 'NOTEBOOK'),
    	('0', '6', '0', '2', NULL, 0, '72', '2023-12-26 17:29:40', '-512', 'DELL', 'I5', 'CANTO QUEBRADO - TOUCH PAD RISCADO - BATERIA NOVA', 'NOTEBOOK', '', '2X4GB', 'DDR4', 'LATITUDE E5470', '453', '14', '63TSHJ2', '', '0', '', 'NOTEBOOK'),
    	('0', '6', '0', '2', NULL, 0, '39', '2023-12-26 17:29:40', '-513', 'DELL', 'I5', '', 'NOTEBOOK', '', '2X8GB', 'DDR3', 'LATITUDE 3470', '454', '14', '3XNPHJ2', '', '0', '', 'NOTEBOOK'),
    	('0', '4', '0', '2', NULL, 0, '25', '2023-12-26 17:29:40', '-514', 'HP', 'I5', 'TAMPA RISCADA - BATERIA RUIM - S/ POINT STICK', 'NOTEBOOK', '', '2X4GB', 'DDR3', 'PROBOOK 640 G1', 'SEM', '14', 'BRJ450G2P6', '', '0', '', 'NOTEBOOK'),
    	('0', '6', '0', '2', NULL, 0, '85', '2023-12-26 17:29:40', '-515', 'DELL', 'I5', 'ENVIANDO PARA SUBSTITUIÇÃO DO PATRIM. 024 - CAMILA ALVES - WEST 1', 'NOTEBOOK', '', '16GB', 'DDR3', 'LATITUDE 3470', '462', '14', '3YDTHJ2', '', 'SSD 240GB', '', 'NOTEBOOK'),
    	('0', '6', '0', '1', NULL, 0, '20', '2023-12-26 17:29:40', '-516', 'APPLE', 'I5', 'COM TOUCH - BAR ESTOQUE (USUÁRIO: ARION / SENHA: 123456)', 'NOTEBOOK', '', '8GB', 'DDR3', 'MACBOOK PRO C/ TOUCH BAR (MODELO A1706)', 'SEM', '13', 'C02V9312HV2M', '', 'SSD 480GB', '', 'NOTEBOOK'),
    	('0', '7', '0', '1', NULL, 0, '11', '2023-12-26 17:29:40', '-517', 'APPLE', 'I5', 'ESTOQUE - SEM TOUCH BAR - (USUÁRIO: ARION / SENHA: 123456)', 'NOTEBOOK', '', '8GB', 'DDR3', 'MACBOOK PRO S/ TOUCH BAR (MODELO A1708)', '495', '13', 'FVFWTPE1HV29', '', 'SSD 240GB', '', 'NOTEBOOK'),
    	('0', '4', '0', '2', NULL, 0, '11', '2023-12-26 17:29:40', '-518', 'HP', 'I5', 'TAMPA COM DESGASTE - RET. SARTORI (CONDENADO)', 'NOTEBOOK', '', '0', 'DDR3', 'PROBOOK 640 G1', 'SEM', '14', 'BRJ506L7LF', '', '0', '', 'NOTEBOOK'),
    	('0', '2', '0', '2', NULL, 0, '43', '2023-12-26 17:29:40', '-519', 'LENOVO', 'I5', 'REVISADO 05/2024', 'NOTEBOOK', '', '2X4GB', 'DDR3', 'THINKPAD T420', '536', '14', 'L1BFT89', '', 'SSD 240GB', '', 'NOTEBOOK'),
    	('0', '2', '0', '2', NULL, 0, '11', '2023-12-26 17:29:40', '-520', 'LENOVO', 'I5', 'ESTOQUE - TAMPA RISCADA - FALTA TECLA - TECLAS APAGADAS', 'NOTEBOOK', '', '0', 'DDR3', 'THINKPAD T420', 'SEM', '14', 'L1C8W1K', '', '0', '', 'NOTEBOOK'),
    	('0', '3', '0', '2', NULL, 0, '43', '2023-12-26 17:29:40', '-521', 'LENOVO', 'I5', 'REVISADO 05/2024', 'NOTEBOOK', '', '2X4GB', 'DDR3', 'THINKPAD T430', '537', '14', 'L1CAX2L', '', 'SSD 120GB', '', 'NOTEBOOK'),
    	('0', '3', '0', '2', NULL, 0, '9', '2023-12-26 17:29:40', '-522', 'LENOVO', 'I5', 'REVISADO EM 06/2024', 'NOTEBOOK', '', '2X4GB', 'DDR3', 'THINKPAD T430', '534', '14', 'PEDN271', '', 'SSD 120GB', '', 'NOTEBOOK'),
    	('0', '3', '0', '2', NULL, 0, '9', '2023-12-26 17:29:40', '-523', 'LENOVO', 'I5', 'REVISADO EM 06/2024', 'NOTEBOOK', '', '2X4GB', 'DDR3', 'THINKPAD T430', '533', '14', 'L1CAX0F', '', 'SSD 120GB', '', 'NOTEBOOK'),
    	('0', '3', '0', '2', NULL, 0, '11', '2023-12-26 17:29:40', '-524', 'LENOVO', 'I5', 'estoque + teclado ruim, funcionáro do cdt são roque derramou agua', 'NOTEBOOK', '', '1X8GB', 'DDR3', 'THINKPAD T430', '535', '14', 'PEK9205', '', 'SSD 120GB', '', 'NOTEBOOK'),
    	('0', '3', '0', '2', NULL, 0, '11', '2023-12-26 17:29:40', '-525', 'LENOVO', 'I5', 'SEM TECLADO - SEM TAMPA HD - BOTÃO ESQUERDO TOUCH PAD NÃO FUNCIONA', 'NOTEBOOK', '', '0', 'DDR3', 'THINKPAD T430', 'SEM', '14', 'L1CACK3', '', '0', '', 'NOTEBOOK'),
    	('0', '3', '0', '2', NULL, 0, '64', '2023-12-26 17:29:40', '-526', 'LENOVO', 'I5', 'TOUCH PAD GASTO - TAMPA RISCADA', 'NOTEBOOK', '', '2X4GB', 'DDR3', 'THINKPAD T430', '524', '14', 'PEK9207', '', 'SSD 120GB', '', 'NOTEBOOK'),
    	('0', '3', '0', '2', NULL, 0, '43', '2023-12-26 17:29:40', '-527', 'LENOVO', 'I5', 'REVISADO 05/2024', 'NOTEBOOK', '', '2X4GB', 'DDR3', 'THINKPAD T430', '538', '14', 'L1CAX60', '', 'SSD 120GB', '', 'NOTEBOOK'),
    	('0', '6', '0', '0', NULL, 0, '11', '2023-12-26 17:29:40', '-528', 'LENOVO', 'I7', 'NOTE ARION ADM - PROBLEMA NO TOUCHPAD (DESLIGADO)', 'NOTEBOOK', '', '1X8GB', 'DDR4', 'THINKPAD X1 CARBON', 'SEM', '14', 'R90L3ZVS', '', 'SSD 240GB NVME', '', 'NOTEBOOK'),
    	('0', '6', '0', '0', NULL, 0, '35', '2023-12-26 17:29:40', '-529', 'LENOVO', 'I7', 'VENDIDO AO JOÃO VITOR DA SILVA EM 07/10/2024', 'NOTEBOOK', '', '1X8GB', 'DDR4', 'THINKPAD X1 CARBON', '551', '14', 'R90L3ZVM', '', 'SSD 240GB NVME', '', 'NOTEBOOK'),
    	('0', '6', '0', '0', NULL, 0, '11', '2023-12-26 17:29:40', '-530', 'LENOVO', 'I7', 'ESTOQUE - PROBLEMA NO TOUCHPAD/TELA/BATERIA/TECLAS "BACKSPACE" "A" - BORDA DA MOLDURA SOLTANDO BORRACHA', 'NOTEBOOK', '', '1X8GB', 'DDR4', 'THINKPAD X1 CARBON', 'SEM', '14', 'R90NDKSF', '', 'SSD 240GB NVME', '', 'NOTEBOOK'),
    	('0', '6', '0', '0', NULL, 0, '11', '2023-12-26 17:29:40', '-531', 'LENOVO', 'I7', 'ESTOQUE - SEM BATERIA - PROBLEMA NO USB ESQ. E TECLAS "F11/DEL/SETA PARA BAIXO" - TECLAS DESGASTADAS', 'NOTEBOOK', '', '1X8GB', 'DDR4', 'THINKPAD X1 CARBON', 'SEM', '14', 'R90L3ZV8', '', 'SSD 240GB NVME', '', 'NOTEBOOK'),
    	('0', '6', '0', '0', NULL, 0, '11', '2023-12-26 17:29:40', '-532', 'LENOVO', 'I7', 'ESTOQUE - PROBLEMA NO TECLADO / TECLAS (SEM ALGUMAS TECLAS E DESGASTE)', 'NOTEBOOK', '', '1X8GB', 'DDR4', 'THINKPAD X1 CARBON', 'SEM', '14', 'R90L3ZVC', '', 'SSD 240GB NVME', '', 'NOTEBOOK'),
    	('0', '6', '0', '0', NULL, 0, '11', '2023-12-26 17:29:40', '-533', 'LENOVO', 'I7', 'ESTOQUE - PROBLEMA NO TECLADO E COOLER - DISPLAY VAZADO - SEM DISCO - SEM BATERIA (NÃO LIGAR)', 'NOTEBOOK', '', '1X8GB', 'DDR4', 'THINKPAD X1 CARBON', 'SEM', '14', 'R90L3ZW8', '', '0', '', 'NOTEBOOK'),
    	('0', '6', '0', '0', NULL, 0, '11', '2023-12-26 17:29:40', '-534', 'LENOVO', 'I7', 'ESTOQUE - PROBLEMA NA TELA - PROBLEMA NO TECLADO "TECLAS SHIFT E CTRL" - SEM PEZINHO INFERIOR', 'NOTEBOOK', '', '1X8GB', 'DDR4', 'THINKPAD X1 CARBON', '205', '14', 'R90L3ZWG', '', 'SSD 240GB NVME', '', 'NOTEBOOK'),
    	('0', '6', '0', '0', NULL, 0, '11', '2023-12-26 17:29:40', '-535', 'LENOVO', 'I7', 'ESTOQUE - PROBLEMA NO COOLER / TELA / BATERIA - S/ PLACA WI-FI - S/ BAT. BIOS', 'NOTEBOOK', '', '1X8GB', 'DDR4', 'THINKPAD X1 CARBON', 'SEM', '14', 'R90L3ZVK', '', '0', '', 'NOTEBOOK'),
    	('0', '4', '0', '2', NULL, 0, '11', '2023-12-26 17:29:40', '-536', 'TOSHIBA', 'I5', 'CARCAÇA TRINCADA - TELA MARCADA', 'NOTEBOOK', '', '2X4GB', 'DDR3', 'SATELLITE L50 - B - 1NX', 'SEM', '15', '6E049403C', '', 'SSD 120GB', '', 'NOTEBOOK'),
    	('0', '6', '0', '2', NULL, 0, '85', '2023-12-26 17:29:40', '-537', 'DELL', 'I5', 'ENVIADO AO DANILO FREDIANI - SUBSTITUINDO O PATRIM. 445', 'NOTEBOOK', '', '16GB', 'DDR3', 'LATITUDE 3470', '573', '14', 'DF2KCK2', '', 'SSD 1TB', '', 'NOTEBOOK'),
    	('0', '6', '0', '2', NULL, 0, '83', '2023-12-26 17:29:40', '-538', 'DELL', 'I5', '', 'NOTEBOOK', '', '8GB', 'DDR3', 'LATITUDE 3470', 'SEM', '14', '3JJJ2K2', '', 'SSD ', '', 'NOTEBOOK'),
    	('0', '6', '0', '2', NULL, 0, '11', '2023-12-26 17:29:40', '-539', 'DELL', 'I5', 'ESTOQUE', 'NOTEBOOK', '', '8GB', 'DDR3', 'LATITUDE 3470', '572', '14', '3Q8J2K2', '', 'SSD ', '', 'NOTEBOOK'),
    	('0', '6', '0', '2', NULL, 0, '11', '2023-12-26 17:29:40', '-540', 'DELL', 'I5', 'ESTOQUE', 'NOTEBOOK', '', '8GB', 'DDR3', 'LATITUDE 3470', '607', '14', '3Z0LHJ2', '', 'SSD ', '', 'NOTEBOOK'),
    	('0', '6', '0', '2', NULL, 0, '11', '2023-12-26 17:29:40', '-541', 'DELL', 'I5', 'ESTOQUE', 'NOTEBOOK', '', '8GB', 'DDR3', 'LATITUDE 3470', '609', '14', '3YFPHJ2', '', 'SSD ', '', 'NOTEBOOK'),
    	('0', '6', '0', '2', NULL, 0, '11', '2023-12-26 17:29:40', '-542', 'DELL', 'I5', 'SUBSTITUIDO POR PATRIMONIO 564 - GABRIELA OLIVEIRA EM 30/09/2024 - ESTOQUE', 'NOTEBOOK', '', '8GB', 'DDR3', 'LATITUDE 3470', '575', '14', '3R0S2K2', '', 'SSD ', '', 'NOTEBOOK'),
    	('0', '6', '0', '2', NULL, 0, '85', '2023-12-26 17:29:40', '-543', 'DELL', 'I5', 'ENVIADO EM 10/10/2024 - LUCAS SAVIERO', 'NOTEBOOK', '', '16GB RAM', 'DDR3', 'LATITUDE 3470', '570', '14', '3ZCRHJ2', '', 'SSD 240', '', 'NOTEBOOK'),
    	('0', '6', '0', '2', NULL, 0, '11', '2023-12-26 17:29:40', '-544', 'DELL', 'I5', 'ESTOQUE', 'NOTEBOOK', '', '8GB', 'DDR3', 'LATITUDE 3470', '571', '14', '3ZDNHJ2', '', 'SSD ', '', 'NOTEBOOK'),
    	('0', '6', '0', '2', NULL, 0, '11', '2023-12-26 17:29:40', '-545', 'DELL', 'I5', 'SUBSTITUIDO POR PATRIMONIO 561 - BIANCA DIAS EM 30/09/2024 - ESTOQUE', 'NOTEBOOK', '', '8GB', 'DDR3', 'LATITUDE 3470', '574', '14', '3ZZPHJ2', '', 'SSD ', '', 'NOTEBOOK'),
    	('0', '6', '0', '2', NULL, 0, '85', '2023-12-26 17:29:40', '-546', 'DELL', 'I5', '', 'NOTEBOOK', '', '2X8GB', 'DDR3', 'LATITUDE 3470', '475', '14', '3Y5NHJ2', '', 'SSD 240GB', '', 'NOTEBOOK'),
    	('0', '6', '0', '2', NULL, 0, '83', '2023-12-26 17:29:40', '-547', 'DELL', 'I5', '', 'NOTEBOOK', '', '8GB', 'DDR3', 'LATITUDE 3470', 'SEM', '14', 'CS7SCK2', '', 'SSD ', '', 'NOTEBOOK'),
    	('0', '2', '0', '2', NULL, 0, '33', '2023-12-26 17:29:40', '-549', 'HP', 'I5', '', 'NOTEBOOK', '', '2X4GB', 'DDR3', 'PAVILION dm4', '-', '14', 'BRG128FTVM', '', 'SSD 240GB', '', 'NOTEBOOK'),
    	('0', '8', '0', '2', NULL, 0, '38', '2023-12-26 17:29:40', '-550', 'LENOVO', 'I5', '', 'NOTEBOOK', '', '2X8GB', 'DDR4', 'THINKPAD T480', '496', '14', 'PE04A9BY', '', 'SSD 240GB', '', 'NOTEBOOK'),
    	('0', '8', '0', '1', NULL, 0, '11', '2023-12-26 17:29:40', '-551', 'APPLE', 'I5', '', 'NOTEBOOK', '', '8GB', 'DDR3', 'MACBOOK PRO C/ TOUCH BAR (MODELO A1989)', 'SEM', '', 'C02Z20AJLVDD', '', 'SSD 480GB', '', 'NOTEBOOK'),
    	('0', '8', '0', '2', NULL, 0, '84', '2023-12-26 17:29:40', '-552', 'LENOVO', 'I5', '', 'NOTEBOOK', '', '2X8GB', 'DDR4', 'THINKPAD T480', '522', '14', 'PE0417QA', '', 'SSD 240GB', '', 'NOTEBOOK'),
    	('0', '8', '0', '2', NULL, 0, '85', '2023-12-26 17:29:40', '-553', 'LENOVO', 'I5', 'ENVIADO E REVISADO EM 08/2024 PARA MARINA BERGAMO CAETANO', 'NOTEBOOK', '', '2X8GB', 'DDR4', 'THINKPAD T480', '525', '14', 'PE057LP9', '', 'SSD 240GB', '', 'NOTEBOOK'),
    	('0', '8', '0', '2', NULL, 0, '85', '2023-12-26 17:29:40', '-554', 'LENOVO', 'I5', '', 'NOTEBOOK', '', '2X8GB', 'DDR4', 'THINKPAD T480', '526', '14', 'PE057M70', '', 'SSD 240GB', '', 'NOTEBOOK'),
    	('0', '8', '0', '2', NULL, 0, '81', '2023-12-26 17:29:40', '-555', 'LENOVO', 'I5', '', 'NOTEBOOK', '', '2X8GB', 'DDR4', 'THINKPAD T480', '527', '14', 'PE057LMN', '', 'SSD 240GB', '', 'NOTEBOOK'),
    	('0', '8', '0', '2', NULL, 0, '85', '2023-12-26 17:29:40', '-556', 'LENOVO', 'I5', 'ENVIO EM 12/07/2024 - IASMIN PEREIRA', 'NOTEBOOK', '', '2X8GB', 'DDR4', 'THINKPAD T480', '528', '14', 'PE04ZLS8', '', 'SSD 240GB', '', 'NOTEBOOK'),
    	('0', '8', '0', '2', NULL, 0, '85', '2023-12-26 17:29:40', '-557', 'LENOVO', 'I5', 'ENVIADO E REVISADO EM 08/2024 PARA JACQUELINE MAKIYAMA', 'NOTEBOOK', '', '2X8GB', 'DDR4', 'THINKPAD T480', '529', '14', 'PE04GBHK', '', 'SSD 240GB', '', 'NOTEBOOK'),
    	('0', '8', '0', '2', NULL, 0, '85', '2023-12-26 17:29:40', '-558', 'LENOVO', 'I5', 'ENVIADO E REVISADO EM 08/2024 PARA KATIA DOS REIS', 'NOTEBOOK', '', '2X8GB', 'DDR4', 'THINKPAD T480', '530', '14', 'PE03SLYX', '', 'SSD 240GB', '', 'NOTEBOOK'),
    	('0', '8', '0', '2', NULL, 0, '39', '2023-12-26 17:29:40', '-559', 'LENOVO', 'I5', '', 'NOTEBOOK', '', '2X8GB', 'DDR4', 'THINKPAD T480', '531', '14', 'PE057LR4', '', 'SSD 240GB', '', 'NOTEBOOK'),
    	('0', '8', '0', '2', NULL, 0, '31', '2023-12-26 17:29:40', '-560', 'LENOVO', 'I5', 'NOTEBOOK REVISADO 05/2024', 'NOTEBOOK', '', '2X8GB', 'DDR4', 'THINKPAD T480', 'SEM', '14', 'PE04A97M', '', 'SSD 240GB', '', 'NOTEBOOK'),
    	('0', '0', '0', '2', NULL, 0, '42', '2023-12-26 17:29:40', '-561', 'HP', 'I5', '', 'NOTEBOOK', '', '2X4GB', 'DDR3', 'PROBOOK 640 G2', '539', '14', 'BRJ743KJJX', '', 'SSD 240GB', '', 'NOTEBOOK'),
    	('0', '8', '0', '2', NULL, 0, '85', '2023-12-26 17:29:40', '-562', 'LENOVO', 'I5', 'ENVIADO PARA DANIELA TAMASCEVICIUS - WEST 1 - 17/09/2024', 'NOTEBOOK', '', '2X8GB', 'DDR4', 'THINKPAD T480', '545', '14', 'PE057LQH', '', 'SSD 240GB', '', 'NOTEBOOK'),
    	('0', '4', '0', '0', NULL, 0, '45', '2023-12-26 17:29:40', '-563', 'DELL', 'I5', 'COLOCADO MÁXIMO DE MEMÓRIA E REDE 5G (CLINICA DA JU - RODRIGO)', 'NOTEBOOK', '', '8GB', 'DDR3', 'INSPIRON 3437', '546', '14', '24RRLZ1', '', 'SSD', '', 'NOTEBOOK'),
    	('0', '8', '0', '2', NULL, 0, '83', '2023-12-26 17:29:40', '-564', 'LENOVO', 'I5', 'PCSYHUS161 - ANGÉLICA', 'NOTEBOOK', '', '16GB RAM', 'DDR4', 'THINKPAD T480', '560', '14', 'PE043WBN', '', 'SSD 240', '', 'NOTEBOOK'),
    	('0', '8', '0', '2', NULL, 0, '83', '2023-12-26 17:29:40', '-565', 'LENOVO', 'I5', 'PCSYHUS162 - BIANCA RIAS', 'NOTEBOOK', '', '16GB RAM', 'DDR4', 'THINKPAD T480', '561', '14', 'PE057M3B', '', 'SSD 240', '', 'NOTEBOOK'),
    	('0', '8', '0', '2', NULL, 0, '83', '2023-12-26 17:29:40', '-566', 'LENOVO', 'I5', 'PCSYHUS163 - CAMILA SANTOS', 'NOTEBOOK', '', '16GB RAM', 'DDR4', 'THINKPAD T480', '562', '14', 'PE057LL3', '', 'SSD 240', '', 'NOTEBOOK'),
    	('0', '8', '0', '2', NULL, 0, '83', '2023-12-26 17:29:40', '-567', 'LENOVO', 'I5', 'PCSYHUS164 - FERNANDA CISCATI', 'NOTEBOOK', '', '16GB RAM', 'DDR4', 'THINKPAD T480', '563', '14', 'PE04GBF3', '', 'SSD 240', '', 'NOTEBOOK'),
    	('0', '8', '0', '2', NULL, 0, '83', '2023-12-26 17:29:40', '-568', 'LENOVO', 'I5', 'PCSYHUS165 - GABRIELA OLIVEIRA', 'NOTEBOOK', '', '16GB RAM', 'DDR4', 'THINKPAD T480', '564', '14', 'PE057LNA', '', 'SSD 240', '', 'NOTEBOOK'),
    	('0', '8', '0', '2', NULL, 0, '83', '2023-12-26 17:29:40', '-569', 'LENOVO', 'I5', 'PCSYHUS166 - GIOVANA', 'NOTEBOOK', '', '16GB RAM', 'DDR4', 'THINKPAD T480', '565', '14', 'PE043MZP', '', 'SSD 240', '', 'NOTEBOOK'),
    	('0', '8', '0', '2', NULL, 0, '83', '2023-12-26 17:29:40', '-570', 'LENOVO', 'I5', 'PCSYHUS170 - VITÓRIA', 'NOTEBOOK', '', '16GB RAM', 'DDR4', 'THINKPAD T480', '566', '14', 'PE057LLB', '', 'SSD 240', '', 'NOTEBOOK'),
    	('0', '8', '0', '2', NULL, 0, '83', '2023-12-26 17:29:40', '-571', 'LENOVO', 'I5', 'PCSYHUS169 - VINICIUS', 'NOTEBOOK', '', '16GB RAM', 'DDR4', 'THINKPAD T480', '567', '14', 'PE04A943', '', 'SSD 240', '', 'NOTEBOOK'),
    	('0', '8', '0', '2', NULL, 0, '83', '2023-12-26 17:29:40', '-572', 'LENOVO', 'I5', 'PCSYHUS168 - THAINA', 'NOTEBOOK', '', '16GB RAM', 'DDR4', 'THINKPAD T480', '568', '14', 'PE04N3WA', '', 'SSD 240', '', 'NOTEBOOK'),
    	('0', '8', '0', '2', NULL, 0, '83', '2023-12-26 17:29:40', '-573', 'LENOVO', 'I5', 'PCSYHUS167 - JEAN', 'NOTEBOOK', '', '16GB RAM', 'DDR4', 'THINKPAD T480', '569', '14', 'PE03SY4L', '', 'SSD 240', '', 'NOTEBOOK'),
    	('0', '8', '0', '2', NULL, 0, '83', '2023-12-26 17:29:40', '-574', 'LENOVO', 'I5', 'ENVIADO SYHUS EM 22/10/2024', 'NOTEBOOK', '', '16GB RAM', 'DDR4', 'THINKPAD T480', '577', '14', 'PE03SY5F', '', 'SSD 240', '', 'NOTEBOOK'),
    	('0', '8', '0', '2', NULL, 0, '83', '2023-12-26 17:29:40', '-575', 'LENOVO', 'I5', 'ENVIADO SYHUS EM 22/10/2024', 'NOTEBOOK', '', '16GB RAM', 'DDR4', 'THINKPAD T480', '578', '14', 'PE0RBFS', '', 'SSD 240', '', 'NOTEBOOK'),
    	('0', '8', '0', '2', NULL, 0, '83', '2023-12-26 17:29:40', '-576', 'LENOVO', 'I5', 'ENVIADO SYHUS EM 22/10/2024', 'NOTEBOOK', '', '16GB RAM', 'DDR4', 'THINKPAD T480', '579', '14', 'PE03SY4Y', '', 'SSD 240', '', 'NOTEBOOK'),
    	('0', '8', '0', '2', NULL, 0, '83', '2023-12-26 17:29:40', '-577', 'LENOVO', 'I5', 'ENVIADO SYHUS EM 22/10/2024', 'NOTEBOOK', '', '16GB RAM', 'DDR4', 'THINKPAD T480', '580', '14', 'PE04A9CK', '', 'SSD 240', '', 'NOTEBOOK'),
    	('0', '8', '0', '2', NULL, 0, '83', '2023-12-26 17:29:40', '-578', 'LENOVO', 'I5', 'ENVIADO SYHUS EM 22/10/2024', 'NOTEBOOK', '', '16GB RAM', 'DDR4', 'THINKPAD T480', '581', '14', 'PE03S57Z', '', 'SSD 240', '', 'NOTEBOOK'),
    	('0', '8', '0', '2', NULL, 0, '83', '2023-12-26 17:29:40', '-579', 'LENOVO', 'I5', 'ENVIADO SYHUS EM 22/10/2024', 'NOTEBOOK', '', '16GB RAM', 'DDR4', 'THINKPAD T480', '582', '14', 'PE03RBCG', '', 'SSD 240', '', 'NOTEBOOK'),
    	('0', '8', '0', '2', NULL, 0, '83', '2023-12-26 17:29:40', '-580', 'LENOVO', 'I5', 'ENVIADO SYHUS EM 22/10/2024', 'NOTEBOOK', '', '16GB RAM', 'DDR4', 'THINKPAD T480', '583', '14', 'PE057LLA', '', 'SSD 240', '', 'NOTEBOOK'),
    	('0', '8', '0', '2', NULL, 0, '83', '2023-12-26 17:29:40', '-581', 'LENOVO', 'I5', 'ENVIADO SYHUS EM 22/10/2024', 'NOTEBOOK', '', '16GB RAM', 'DDR4', 'THINKPAD T480', '584', '14', 'PE04N3ZS', '', 'SSD 240', '', 'NOTEBOOK'),
    	('0', '8', '0', '2', NULL, 0, '83', '2023-12-26 17:29:40', '-582', 'LENOVO', 'I5', 'ENVIADO SYHUS EM 22/10/2024', 'NOTEBOOK', '', '16GB RAM', 'DDR4', 'THINKPAD T480', '585', '14', 'PE04ZMPH', '', 'SSD 240', '', 'NOTEBOOK'),
    	('0', '8', '0', '2', NULL, 0, '83', '2023-12-26 17:29:40', '-583', 'LENOVO', 'I5', 'ENVIADO SYHUS EM 22/10/2024', 'NOTEBOOK', '', '16GB RAM', 'DDR4', 'THINKPAD T480', '586', '14', 'PE04KYPP', '', 'SSD 240', '', 'NOTEBOOK'),
    	('0', '8', '0', '2', NULL, 0, '83', '2023-12-26 17:29:40', '-584', 'LENOVO', 'I6', 'pcsyhus 194 - hugo', 'NOTEBOOK', '', '16GB RAM', 'DDR4', 'THINKPAD T480', '587', '14', 'PE04KYQ4', '', 'SSD 240', '', 'NOTEBOOK'),
    	('0', '8', '0', '2', NULL, 0, '83', '2023-12-26 17:29:40', '-585', 'LENOVO', 'I7', 'pcsyhus 195 - reserva', 'NOTEBOOK', '', '16GB RAM', 'DDR4', 'THINKPAD T480', '588', '14', 'PE043WHY', '', 'SSD 240', '', 'NOTEBOOK'),
    	('0', '8', '0', '2', NULL, 0, '83', '2023-12-26 17:29:40', '-586', 'LENOVO', 'I8', 'pcsyhus 191 - mateus', 'NOTEBOOK', '', '16GB RAM', 'DDR4', 'THINKPAD T480', '589', '14', 'PE057LPC', '', 'SSD 240', '', 'NOTEBOOK'),
    	('0', '8', '0', '2', NULL, 0, '83', '2023-12-26 17:29:40', '-587', 'LENOVO', 'I9', 'pcsyhus 193 - heloisa', 'NOTEBOOK', '', '16GB RAM', 'DDR4', 'THINKPAD T480', '590', '14', 'PE0411ML', '', 'SSD 240', '', 'NOTEBOOK'),
    	('0', '8', '0', '2', NULL, 0, '83', '2023-12-26 17:29:40', '-588', 'LENOVO', 'I10', 'pcsyhus 192 - miriam', 'NOTEBOOK', '', '16GB RAM', 'DDR4', 'THINKPAD T480', '591', '14', ' PF1NSMHG', '', 'SSD 240', '', 'NOTEBOOK'),
    	('0', '8', '0', '2', NULL, 0, '11', '2023-12-26 17:29:40', '-589', 'LENOVO', 'I11', 'ESTOQUE', 'NOTEBOOK', '', '16GB RAM', 'DDR4', 'THINKPAD T480', '592', '14', 'PE04180G', '', 'SSD 240', '', 'NOTEBOOK'),
    	('0', '8', '0', '2', NULL, 0, '83', '2023-12-26 17:29:40', '-590', 'LENOVO', 'I12', 'pcsyhus 182 - caio', 'NOTEBOOK', '', '16GB RAM', 'DDR4', 'THINKPAD T480', '593', '14', 'PE04ZL6W', '', 'SSD 240', '', 'NOTEBOOK'),
    	('0', '8', '0', '2', NULL, 0, '83', '2023-12-26 17:29:40', '-591', 'LENOVO', 'I13', 'pcsyhus 190 - fabiane', 'NOTEBOOK', '', '16GB RAM', 'DDR4', 'THINKPAD T480', '594', '14', 'PE04ZL0W', '', 'SSD 240', '', 'NOTEBOOK'),
    	('0', '8', '0', '2', NULL, 0, '83', '2023-12-26 17:29:40', '-592', 'LENOVO', 'I14', 'pcsyhus 183 - guilherme', 'NOTEBOOK', '', '16GB RAM', 'DDR4', 'THINKPAD T480', '595', '14', 'PE03VTZ4', '', 'SSD 240', '', 'NOTEBOOK'),
    	('0', '8', '0', '2', NULL, 0, '83', '2023-12-26 17:29:40', '-593', 'LENOVO', 'I15', 'pcsyhus 189 - thais guimaraes', 'NOTEBOOK', '', '16GB RAM', 'DDR4', 'THINKPAD T480', '596', '14', 'PF1FZ4PX', '', 'SSD 240', '', 'NOTEBOOK'),
    	('0', '8', '0', '2', NULL, 0, '83', '2023-12-26 17:29:40', '-594', 'LENOVO', 'I16', 'pcsyhus 187 - fernanda', 'NOTEBOOK', '', '16GB RAM', 'DDR4', 'THINKPAD T480', '597', '14', 'PE04A9B6', '', 'SSD 240', '', 'NOTEBOOK'),
    	('0', '8', '0', '2', NULL, 0, '83', '2023-12-26 17:29:40', '-595', 'LENOVO', 'I17', 'pcsyhus 184 - denise', 'NOTEBOOK', '', '16GB RAM', 'DDR4', 'THINKPAD T480', '598', '14', 'PE04ZLVS', '', 'SSD 240', '', 'NOTEBOOK'),
    	('0', '8', '0', '2', NULL, 0, '11', '2023-12-26 17:29:40', '-596', 'LENOVO', 'I18', 'ESTOQUE', 'NOTEBOOK', '', '16GB RAM', 'DDR4', 'THINKPAD T480', '599', '14', 'PE0417VU', '', 'SSD 240', '', 'NOTEBOOK'),
    	('0', '8', '0', '2', NULL, 0, '83', '2023-12-26 17:29:40', '-597', 'LENOVO', 'I19', 'pcsyhus 181 - ana paula', 'NOTEBOOK', '', '16GB RAM', 'DDR4', 'THINKPAD T480', '600', '14', 'PE057M65', '', 'SSD 240', '', 'NOTEBOOK'),
    	('0', '8', '0', '2', NULL, 0, '83', '2023-12-26 17:29:40', '-598', 'LENOVO', 'I20', 'pcsyhus 186 - breno', 'NOTEBOOK', '', '16GB RAM', 'DDR4', 'THINKPAD T480', '601', '14', 'PE043WDC', '', 'SSD 240', '', 'NOTEBOOK'),
    	('0', '8', '0', '2', NULL, 0, '11', '2023-12-26 17:29:40', '-599', 'LENOVO', 'I21', 'ESTOQUE', 'NOTEBOOK', '', '16GB RAM', 'DDR4', 'THINKPAD T480', '602', '14', 'PE04KYS7', '', 'SSD 240', '', 'NOTEBOOK'),
    	('0', '8', '0', '2', NULL, 0, '83', '2023-12-26 17:29:40', '-600', 'LENOVO', 'I22', 'pcsyhus 188 - tamires', 'NOTEBOOK', '', '16GB RAM', 'DDR4', 'THINKPAD T480', '603', '14', 'PE04MAK4', '', 'SSD 240', '', 'NOTEBOOK'),
    	('0', '8', '0', '2', NULL, 0, '11', '2023-12-26 17:29:40', '-601', 'LENOVO', 'I23', 'ESTOQUE', 'NOTEBOOK', '', '16GB RAM', 'DDR4', 'THINKPAD T480', '604', '14', 'PE0417P1', '', 'SSD 240', '', 'NOTEBOOK'),
    	('0', '8', '0', '2', NULL, 0, '11', '2023-12-26 17:29:40', '-602', 'LENOVO', 'I24', 'ESTOQUE', 'NOTEBOOK', '', '16GB RAM', 'DDR4', 'THINKPAD T480', '605', '14', 'PE043WDU', '', 'SSD 240', '', 'NOTEBOOK'),
    	('0', '8', '0', '2', NULL, 0, '83', '2023-12-26 17:29:40', '-603', 'LENOVO', 'I25', 'pcsyhus 185 - Reserva', 'NOTEBOOK', '', '16GB RAM', 'DDR4', 'THINKPAD T480', '606', '14', 'PE03VU05', '', 'SSD 240', '', 'NOTEBOOK'),
    	('0', '8', '0', '2', NULL, 0, '11', '2023-12-26 17:29:40', '-605', 'DELL', 'I27', 'ESTOQUE', 'NOTEBOOK', '', '8GB RAM', 'DDR4', 'LATITUDE 3470', '608', '14', '401MHJ2', '', 'SSD 240', '', 'NOTEBOOK'),
    	('0', '0', '0', '0', NULL, 0, '11', '2023-12-26 17:29:40', '-607', 'APPLE', 'I5', 'ESTOQUE', 'NOTEBOOK', '', '8GB RAM', 'DDR3', 'MACBOOK PRO A1989', '610', '', 'N000000001', '', 'SSD 500GB', '', 'NOTEBOOK'),
    	('0', '0', '0', '0', NULL, 0, '39', '2023-12-26 17:29:40', '-608', 'LENOVO', 'RYZEN 7', 'ENVIADO AO CANAL SOLAR EM 22/11/2024', 'NOTEBOOK', '', '16GB RAM', 'DDR4', 'T14', '612', '14', 'PF23L5PT', '', 'SSD512', '', 'NOTEBOOK');

INSERT INTO status (id, user_id, name) VALUES(1, 1, 'Disponivel');
INSERT INTO status (id, user_id, name) VALUES(2, 2, 'Disponivel');
INSERT INTO status (id, user_id, name) VALUES(3, 2, 'Danificado');

update devices set status = 'Disponivel';